ID	mol_weight[kDa]
Solyc00g500101.1.1	13.588
Solyc00g500118.1.1	13.588
Solyc00g230080.1.1	11.528
Solyc00g500173.1.1	19.531
Solyc00g023710.1.1	24.541
Solyc00g500195.1.1	51.016
Solyc00g500244.1.1	13.588
Solyc00g500275.1.1	13.588
Solyc00g500299.1.1	31.511
Solyc00g500310.1.1	13.489
Solyc00g012540.1.1	38.854
Solyc00g500321.1.1	5.790
Solyc00g500334.1.1	5.790
Solyc00g500359.1.1	13.588
Solyc00g500382.1.1	6.865
Solyc01g005120.3.1	35.941
Solyc01g005250.4.1	42.470
Solyc01g005490.3.1	44.987
Solyc01g005510.3.1	60.462
Solyc01g005590.2.1	3.182
Solyc01g005600.4.1	31.274
Solyc01g005610.4.1	37.805
Solyc01g005710.2.1	17.125
Solyc01g005730.3.1	90.367
Solyc01g005760.3.1	93.689
Solyc01g005780.1.1	83.207
Solyc01g005850.2.1	31.575
Solyc01g005870.3.1	85.968
Solyc01g005880.1.1	37.153
Solyc01g005890.1.1	28.008
Solyc01g005980.4.1	17.363
Solyc01g006055.1.1	18.810
Solyc01g006290.4.1	41.720
Solyc01g006300.3.1	32.391
Solyc01g006310.3.1	33.109
Solyc01g006390.2.1	12.653
Solyc01g006400.4.1	24.803
Solyc01g006410.4.1	15.622
Solyc01g006530.1.1	88.741
Solyc01g006550.3.1	92.519
Solyc01g006660.3.1	69.569
Solyc01g006900.3.1	14.866
Solyc01g007230.4.1	25.841
Solyc01g007930.4.1	39.922
Solyc01g007960.3.1	69.220
Solyc01g007970.2.1	67.797
Solyc01g007980.4.1	68.262
Solyc01g007990.4.1	68.554
Solyc01g008070.3.1	47.413
Solyc01g008100.3.1	21.956
Solyc01g008140.4.1	104.610
Solyc01g008590.1.1	17.242
Solyc01g008710.5.1.1	42.394
Solyc01g008720.2.1	42.593
Solyc01g008790.4.1	44.726
Solyc01g008830.2.1	63.021
Solyc01g008940.2.1	5.600
Solyc01g008950.4.1	18.496
Solyc01g009210.2.1	3.645
Solyc01g009240.4.1	66.759
Solyc01g009400.3.1	33.978
Solyc01g009410.3.1	34.192
Solyc01g009420.4.1	43.896
Solyc01g009447.1.1	9.700
Solyc01g009500.4.1	38.634
Solyc01g009505.1.1	6.126
Solyc01g009590.3.1	6.924
Solyc01g009640.3.1	34.207
Solyc01g009690.3.1	94.136
Solyc01g009700.3.1	72.778
Solyc01g009810.3.1	19.707
Solyc01g010310.4.1	17.148
Solyc01g010390.3.1	54.778
Solyc01g010590.2.1	22.812
Solyc01g010690.1.1	38.414
Solyc01g010710.4.1	52.650
Solyc01g010720.4.1	54.582
Solyc01g010740.4.1	46.646
Solyc01g010840.1.1	6.683
Solyc01g010940.3.1	21.986
Solyc01g011040.3.1	34.617
Solyc01g011050.3.1	35.521
Solyc01g011230.3.1	7.967
Solyc01g011435.1.1	5.619
Solyc01g011495.1.1	5.504
Solyc01g014060.3.1	18.231
Solyc01g014070.1.1	18.337
Solyc01g014100.3.1	5.969
Solyc01g014140.3.1	4.447
Solyc01g014180.3.1	18.239
Solyc01g014220.3.1	25.306
Solyc01g014510.2.1	29.693
Solyc01g014560.4.1	44.358
Solyc01g014830.1.1	17.339
Solyc01g015080.3.1	32.694
Solyc01g016690.1.1	7.263
Solyc01g017330.3.1	13.547
Solyc01g017870.2.1	6.829
Solyc01g020100.3.1	7.451
Solyc01g021600.4.1	23.410
Solyc01g049770.3.1	7.628
Solyc01g049890.3.1	31.832
Solyc01g055200.1.1	23.369
Solyc01g056310.3.1	59.943
Solyc01g057185.1.1	10.759
Solyc01g057220.3.1	62.078
Solyc01g058000.3.1	9.876
Solyc01g058030.2.1	22.345
Solyc01g058350.1.1	3.364
Solyc01g058705.1.1	15.195
Solyc01g058730.4.1	88.980
Solyc01g059840.3.1	35.700
Solyc01g059940.2.1	25.443
Solyc01g059965.1.1	37.131
Solyc01g060020.4.1	37.131
Solyc01g060260.4.1	20.130
Solyc01g065530.3.1	68.745
Solyc01g066070.3.1	40.949
Solyc01g066360.3.1	57.716
Solyc01g066510.3.1	121.559
Solyc01g066680.3.1	13.208
Solyc01g066750.1.1	2.725
Solyc01g150145.1.1	78.029
Solyc01g066910.3.1	7.966
Solyc01g067020.4.1	64.452
Solyc01g067295.1.1	10.370
Solyc01g067410.3.1	24.630
Solyc01g067420.4.1	29.249
Solyc01g067850.2.1	32.954
Solyc01g067860.3.1	33.538
Solyc01g067870.3.1	39.417
Solyc01g067900.3.1	11.516
Solyc01g068130.4.1	31.902
Solyc01g068380.3.1	68.223
Solyc01g068420.4.1	39.500
Solyc01g068430.3.1	16.565
Solyc01g068450.4.1	24.335
Solyc01g068510.1.1	15.702
Solyc01g079130.2.1	48.278
Solyc01g079160.4.1	37.389
Solyc01g079180.4.1	40.947
Solyc01g079300.4.1	96.834
Solyc01g079310.3.1	37.581
Solyc01g079340.3.1	75.000
Solyc01g079410.3.1	33.415
Solyc01g079460.2.1	21.965
Solyc01g079570.3.1	81.133
Solyc01g079610.3.1	36.567
Solyc01g079620.4.1	38.379
Solyc01g079780.3.1	18.525
Solyc01g079910.1.1	29.591
Solyc01g079920.3.1	61.005
Solyc01g079930.3.1	45.383
Solyc01g079960.2.1	44.982
Solyc01g079970.2.1	45.346
Solyc01g079980.3.1	44.456
Solyc01g080000.1.1	46.260
Solyc01g080010.2.1	44.144
Solyc01g080020.2.1	42.819
Solyc01g080530.3.1	29.998
Solyc01g080560.1.1	47.836
Solyc01g080770.3.1	103.294
Solyc01g080790.3.1	22.911
Solyc01g081060.4.1	37.093
Solyc01g081200.3.1	10.990
Solyc01g081280.3.1	7.852
Solyc01g081350.1.1	46.473
Solyc01g081360.1.1	14.489
Solyc01g081370.4.1	45.654
Solyc01g081410.4.1	47.855
Solyc01g081570.3.1	44.670
Solyc01g081580.2.1	10.287
Solyc01g081588.1.1	12.440
Solyc01g081590.4.1	9.978
Solyc01g081600.3.1	9.346
Solyc01g081610.3.1	61.329
Solyc01g074030.3.1	55.503
Solyc01g086830.4.1	8.714
Solyc01g086840.3.1	23.330
Solyc01g086920.3.1	36.945
Solyc01g087010.3.1	26.493
Solyc01g087020.2.1	4.055
Solyc01g087130.4.1	39.181
Solyc01g087280.2.1	45.237
Solyc01g087530.3.1	59.117
Solyc01g087610.3.1	89.404
Solyc01g087700.1.1	11.646
Solyc01g087800.2.1	81.279
Solyc01g087850.2.1	79.733
Solyc01g087940.3.1	35.578
Solyc01g087950.3.1	52.537
Solyc01g087960.3.1	52.576
Solyc01g087970.3.1	54.277
Solyc01g088270.3.1	6.748
Solyc01g088300.3.1	21.906
Solyc01g088500.3.1	30.063
Solyc01g088590.5.1	17.891
Solyc01g088620.3.1	22.752
Solyc01g088635.1.1	6.211
Solyc01g089850.4.1	23.577
Solyc01g090120.3.1	17.310
Solyc01g090350.3.1	10.201
Solyc01g090360.3.1	9.446
Solyc01g090410.3.1	33.537
Solyc01g090520.3.1	6.505
Solyc01g090523.1.1	5.843
Solyc01g090527.1.1	6.039
Solyc01g090820.2.1	24.733
Solyc01g090960.2.1	9.455
Solyc01g090965.1.1	10.238
Solyc01g091060.2.1	35.709
Solyc01g091100.2.1	20.697
Solyc01g091140.4.1	42.068
Solyc01g091230.3.1	72.429
Solyc01g091300.3.1	57.783
Solyc01g091530.4.1	41.013
Solyc01g091920.2.1	79.575
Solyc01g091950.4.1	62.325
Solyc01g094040.3.1	20.217
Solyc01g094430.1.1	18.001
Solyc01g094440.1.1	17.863
Solyc01g094450.1.1	37.635
Solyc01g094830.4.1	135.997
Solyc01g094970.4.1	41.831
Solyc01g095250.1.1	29.252
Solyc01g095260.1.1	29.310
Solyc01g095310.1.1	29.449
Solyc01g095440.2.1	31.017
Solyc01g095450.4.1	38.958
Solyc01g095515.1.1	4.941
Solyc01g095540.3.1	35.226
Solyc01g095780.2.1	10.235
Solyc01g095810.3.1	30.566
Solyc01g095830.3.1	38.853
Solyc01g095840.2.1	40.082
Solyc01g095850.1.1	35.972
Solyc01g095860.3.1	38.880
Solyc01g097000.3.1	69.769
Solyc01g097240.3.1	13.484
Solyc01g097280.2.1	19.244
Solyc01g097660.2.1	17.202
Solyc01g097700.1.1	34.088
Solyc01g097710.1.1	39.298
Solyc01g097720.1.1	39.166
Solyc01g098370.1.1	103.065
Solyc01g098410.4.1	61.197
Solyc01g098680.2.1	97.047
Solyc01g098690.2.1	100.782
Solyc01g098710.3.1	69.149
Solyc01g098770.1.1	43.458
Solyc01g098780.3.1	15.915
Solyc01g098860.3.1	17.921
Solyc01g098890.1.1	6.400
Solyc01g098940.3.1	60.206
Solyc01g099010.3.1	40.381
Solyc01g099020.3.1	39.969
Solyc01g099030.4.1	39.593
Solyc01g099050.3.1	40.519
Solyc01g099060.3.1	38.369
Solyc01g099250.3.1	95.859
Solyc01g099520.3.1	9.944
Solyc01g099540.2.1	11.773
Solyc01g099570.4.1	18.419
Solyc01g099660.4.1	71.439
Solyc01g099700.3.1	34.347
Solyc01g099850.3.1	29.349
Solyc01g099950.1.1	55.043
Solyc01g099960.4.1	62.648
Solyc01g100090.1.1	21.184
Solyc01g100210.3.1	36.740
Solyc01g100320.3.1	37.054
Solyc01g100380.4.1	44.792
Solyc01g100480.3.1	27.241
Solyc01g100590.3.1	37.511
Solyc01g100890.4.1	39.951
Solyc01g100920.3.1	39.844
Solyc01g100930.3.1	37.362
Solyc01g100980.4.1	49.300
Solyc01g101050.3.1	32.935
Solyc01g102330.3.1	27.131
Solyc01g102350.3.1	43.816
Solyc01g102380.5.1.1	21.274
Solyc01g102400.3.1	20.747
Solyc01g102680.4.1	102.405
Solyc01g102700.4.1	109.477
Solyc01g102710.2.1	102.095
Solyc01g102890.4.1	22.228
Solyc01g102895.1.1	22.110
Solyc01g102960.3.1	18.706
Solyc01g103060.4.1	12.528
Solyc01g103530.3.1	107.750
Solyc01g103930.3.1	64.250
Solyc01g104020.2.1	15.553
Solyc01g104050.4.1	68.701
Solyc01g104220.3.1	21.065
Solyc01g104330.1.1	3.958
Solyc01g104380.3.1	10.260
Solyc01g104390.2.1	9.831
Solyc01g104400.3.1	10.273
Solyc01g104420.1.1	5.925
Solyc01g150164.1.1	4.603
Solyc01g104710.3.1	5.032
Solyc01g104720.3.1	4.665
Solyc01g104850.3.1	52.196
Solyc01g104920.3.1	74.011
Solyc01g104970.3.1	65.168
Solyc01g105010.3.1	15.693
Solyc01g105080.2.1	69.231
Solyc01g105250.1.1	8.440
Solyc01g105410.4.1	28.959
Solyc01g105500.4.1	62.454
Solyc01g105760.1.1	6.065
Solyc01g105767.1.1	37.773
Solyc01g105770.2.1	40.528
Solyc01g106070.2.1	20.324
Solyc01g106160.3.1	77.437
Solyc01g106370.3.1	43.010
Solyc01g106470.3.1	43.663
Solyc01g106500.4.1	76.892
Solyc01g106600.2.1	15.554
Solyc01g106605.1.1	17.410
Solyc01g106620.2.1	17.593
Solyc01g106640.2.1	15.422
Solyc01g106650.3.1	31.800
Solyc01g106990.2.1	61.854
Solyc01g107130.4.1	66.980
Solyc01g107220.2.1	36.252
Solyc01g107250.3.1	21.617
Solyc01g107370.3.1	7.087
Solyc01g107520.3.1	23.391
Solyc01g107540.4.1	23.463
Solyc01g107570.1.1	6.000
Solyc01g107650.3.1	81.403
Solyc01g107670.2.1	38.994
Solyc01g107700.4.1	27.706
Solyc01g107710.2.1	41.897
Solyc01g107720.3.1	40.756
Solyc01g107790.2.1	41.910
Solyc01g107990.3.1	41.777
Solyc01g108000.3.1	71.024
Solyc01g108270.4.1	54.382
Solyc01g108320.3.1	33.984
Solyc01g108440.2.1	38.503
Solyc01g108460.1.1	105.396
Solyc01g108470.3.1	51.781
Solyc01g108480.1.1	49.118
Solyc01g108520.2.1	32.765
Solyc01g108640.1.1	38.850
Solyc01g108740.3.1	29.745
Solyc01g108820.1.1	25.523
Solyc01g108840.3.1	99.002
Solyc01g108850.2.1	47.245
Solyc01g108900.4.1	73.200
Solyc01g109020.3.1	19.056
Solyc01g109390.3.1	8.166
Solyc01g109410.4.1	46.190
Solyc01g109470.3.1	27.176
Solyc01g109500.4.1	40.696
Solyc01g109570.4.1	47.703
Solyc01g109650.3.1	92.964
Solyc01g109740.3.1	34.223
Solyc01g110000.3.1	78.640
Solyc01g110060.3.1	50.831
Solyc01g110110.3.1	38.061
Solyc01g110340.4.1	52.383
Solyc01g110440.5.1.1	78.242
Solyc01g150176.1.1	8.514
Solyc01g111150.2.1	25.238
Solyc01g111220.3.1	52.013
Solyc01g111230.3.1	17.348
Solyc01g111320.3.1	27.012
Solyc01g111330.4.1	33.306
Solyc01g111340.4.1	59.893
Solyc01g111840.3.1	38.339
Solyc01g111850.3.1	52.361
Solyc01g111960.3.1	37.143
Solyc01g111970.4.1	57.731
Solyc01g112000.4.1	26.442
Solyc01g112080.3.1	34.892
Solyc01g112210.3.1	75.081
Solyc01g112280.3.1	47.216
Solyc02g055533.1.1	37.161
Solyc02g055470.2.1	19.198
Solyc02g150120.1.1	41.564
Solyc02g005000.1.1	16.344
Solyc02g005330.1.1	18.810
Solyc02g005600.1.1	52.483
Solyc02g014220.3.1	67.426
Solyc02g014290.1.1	5.918
Solyc02g014490.4.1	79.407
Solyc02g014530.4.1	83.695
Solyc02g014700.1.1	11.211
Solyc02g014830.4.1	50.900
Solyc02g021220.1.1	82.607
Solyc02g021590.3.1	75.843
Solyc02g021770.1.1	14.572
Solyc02g022850.1.1	58.400
Solyc02g022860.1.1	57.328
Solyc02g023950.3.1	111.914
Solyc02g024010.1.1	13.377
Solyc02g030130.4.1	72.619
Solyc02g030220.1.1	36.369
Solyc02g030225.1.1	39.096
Solyc02g031850.1.1	8.275
Solyc02g031900.3.1	8.303
Solyc02g031960.3.1	6.366
Solyc02g032030.1.1	18.813
Solyc02g032040.1.1	18.713
Solyc02g032050.1.1	18.794
Solyc02g032090.1.1	11.363
Solyc02g032100.4.1	34.653
Solyc02g032170.4.1	3.334
Solyc02g032210.1.1	32.318
Solyc02g032560.3.1	37.887
Solyc02g032580.3.1	13.295
Solyc02g032910.3.1	12.775
Solyc02g036180.1.1	12.524
Solyc02g036220.1.1	12.521
Solyc02g036240.1.1	12.490
Solyc02g038806.1.1	53.819
Solyc02g038810.1.1	62.439
Solyc02g061770.4.1	26.429
Solyc02g062130.4.1	40.235
Solyc02g062150.3.1	37.480
Solyc02g062300.3.1	33.181
Solyc02g062313.1.1	32.971
Solyc02g062317.1.1	32.971
Solyc02g062320.3.1	34.736
Solyc02g062420.4.1	25.359
Solyc02g062510.3.1	34.243
Solyc02g062660.2.1	6.786
Solyc02g062760.4.1	28.161
Solyc02g063020.3.1	48.447
Solyc02g063080.1.1	5.033
Solyc02g063210.1.1	63.760
Solyc02g063373.1.1	42.241
Solyc02g063377.1.1	42.241
Solyc02g063400.3.1	9.239
Solyc02g063470.1.1	32.973
Solyc02g063480.2.1	44.959
Solyc02g064580.3.1	50.261
Solyc02g064775.1.1	6.555
Solyc02g064840.1.1	3.735
Solyc02g064940.1.1	49.239
Solyc02g064970.4.1	33.247
Solyc02g065040.1.1	6.019
Solyc02g065100.1.1	43.141
Solyc02g065170.3.1	57.602
Solyc02g065230.3.1	52.822
Solyc02g065470.1.1	17.040
Solyc02g065520.1.1	65.989
Solyc02g065530.4.1	37.201
Solyc02g065710.3.1	37.584
Solyc02g065760.3.1	2.243
Solyc02g065765.1.1	47.106
Solyc02g065780.1.1	8.171
Solyc02g067450.4.1	66.470
Solyc02g067530.4.1	32.645
Solyc02g067550.2.1	8.612
Solyc02g067560.1.1	63.766
Solyc02g067630.3.1	39.988
Solyc02g067640.3.1	40.000
Solyc02g067650.3.1	39.882
Solyc02g067770.3.1	13.226
Solyc02g068060.3.1	82.298
Solyc02g068070.4.1	42.819
Solyc02g068280.4.1	79.334
Solyc02g068300.3.1	74.137
Solyc02g068370.3.1	58.280
Solyc02g068380.3.1	48.917
Solyc02g068400.3.1	49.180
Solyc02g068410.3.1	52.815
Solyc02g068540.2.1	60.619
Solyc02g068620.1.1	10.720
Solyc02g068660.3.1	75.044
Solyc02g068793.1.1	25.592
Solyc02g068820.3.1	118.931
Solyc02g069175.1.1	5.721
Solyc02g069200.3.1	34.557
Solyc02g069210.3.1	35.482
Solyc02g069300.1.1	17.334
Solyc02g069330.2.1	17.164
Solyc02g069360.1.1	50.180
Solyc02g069480.3.1	38.805
Solyc02g069690.1.1	58.635
Solyc02g069830.4.1	0.278
Solyc02g069970.4.1	70.940
Solyc02g070000.4.1	110.898
Solyc02g070060.1.1	57.024
Solyc02g070070.1.1	56.927
Solyc02g070090.1.1	58.725
Solyc02g070110.1.1	57.611
Solyc02g070120.1.1	12.284
Solyc02g070130.1.1	57.985
Solyc02g070160.1.1	25.426
Solyc02g070170.1.1	58.980
Solyc02g070180.3.1	58.188
Solyc02g070200.3.1	58.587
Solyc02g070450.2.1	41.258
Solyc02g070540.3.1	40.068
Solyc02g070810.4.1	211.034
Solyc02g070890.3.1	125.744
Solyc02g070910.3.1	125.699
Solyc02g071160.4.1	39.253
Solyc02g071200.4.1	29.438
Solyc02g071580.4.1	81.003
Solyc02g071600.4.1	21.562
Solyc02g071610.3.1	37.463
Solyc02g071620.3.1	37.242
Solyc02g071690.2.1	37.772
Solyc02g071700.3.1	37.588
Solyc02g071710.3.1	38.317
Solyc02g071790.3.1	11.853
Solyc02g071820.4.1	107.397
Solyc02g071870.4.1	106.070
Solyc02g071880.3.1	108.294
Solyc02g071940.1.1	8.008
Solyc02g071950.1.1	7.896
Solyc02g072250.1.1	40.124
Solyc02g072280.1.1	74.796
Solyc02g072290.1.1	75.720
Solyc02g072310.3.1	49.978
Solyc02g072330.3.1	68.250
Solyc02g072350.1.1	38.980
Solyc02g072370.1.1	69.385
Solyc02g072400.1.1	111.753
Solyc02g072470.4.1	130.579
Solyc02g072520.3.1	74.108
Solyc02g076690.3.1	50.210
Solyc02g076710.3.1	52.451
Solyc02g076750.3.1	36.134
Solyc02g076830.1.1	46.671
Solyc02g076860.3.1	17.286
Solyc02g076910.3.1	35.688
Solyc02g076970.2.1	27.470
Solyc02g077050.3.1	34.462
Solyc02g077080.3.1	38.580
Solyc02g077130.2.1	14.690
Solyc02g077200.3.1	7.995
Solyc02g077270.4.1	68.939
Solyc02g077290.2.1	102.110
Solyc02g077300.2.1	35.229
Solyc02g077330.3.1	37.651
Solyc02g077340.1.1	38.696
Solyc02g077630.3.1	107.400
Solyc02g077690.4.1	31.647
Solyc02g077710.1.1	36.757
Solyc02g077850.3.1	66.649
Solyc02g078040.3.1	24.614
Solyc02g078050.4.1	35.422
Solyc02g078080.1.1	29.066
Solyc02g078090.1.1	8.696
Solyc02g078100.3.1	24.529
Solyc02g078170.3.1	74.522
Solyc02g078370.1.1	31.236
Solyc02g078630.2.1	17.654
Solyc02g078690.2.1	52.081
Solyc02g078750.3.1	112.509
Solyc02g078780.3.1	78.156
Solyc02g078850.1.1	12.202
Solyc02g078910.3.1	31.607
Solyc02g078920.4.1	33.220
Solyc02g078930.3.1	34.014
Solyc02g078950.4.1	91.713
Solyc02g079440.3.1	59.012
Solyc02g079450.1.1	59.307
Solyc02g079460.1.1	58.759
Solyc02g079470.1.1	59.543
Solyc02g079480.1.1	61.814
Solyc02g079500.4.1	36.650
Solyc02g079510.3.1	36.519
Solyc02g079530.4.1	90.763
Solyc02g079540.2.1	91.768
Solyc02g079550.3.1	73.568
Solyc02g079590.3.1	92.705
Solyc02g079620.3.1	40.340
Solyc02g079640.3.1	64.984
Solyc02g079710.4.1	79.958
Solyc02g079790.3.1	15.151
Solyc02g079800.1.1	8.499
Solyc02g079940.3.1	16.563
Solyc02g079980.3.1	47.263
Solyc02g079990.3.1	71.555
Solyc02g080010.2.1	93.964
Solyc02g080060.1.1	38.521
Solyc02g080070.3.1	72.905
Solyc02g080080.3.1	72.090
Solyc02g080130.4.1	32.472
Solyc02g080180.1.1	35.845
Solyc02g080240.2.1	40.799
Solyc02g080275.1.1	18.700
Solyc02g080290.3.1	56.982
Solyc02g080300.3.1	57.049
Solyc02g080310.2.1	57.170
Solyc02g080500.3.1	45.752
Solyc02g080530.3.1	34.865
Solyc02g080660.3.1	42.206
Solyc02g080670.3.1	58.765
Solyc02g080690.1.1	4.128
Solyc02g080760.1.1	13.072
Solyc02g080900.3.1	32.869
Solyc02g080910.4.1	82.348
Solyc02g080920.3.1	15.732
Solyc02g080930.3.1	15.590
Solyc02g081040.4.1	68.359
Solyc02g081050.4.1	65.067
Solyc02g081210.3.1	26.398
Solyc02g081220.3.1	6.583
Solyc02g081480.4.1	66.037
Solyc02g081600.4.1	17.233
Solyc02g081980.3.1	46.150
Solyc02g082035.1.1	5.275
Solyc02g082090.3.1	34.401
Solyc02g082100.4.1	64.098
Solyc02g082430.4.1	53.828
Solyc02g082470.4.1	97.267
Solyc02g082480.3.1	102.098
Solyc02g082740.1.1	17.872
Solyc02g150135.1.1	6.795
Solyc02g082920.4.1	25.016
Solyc02g082930.3.1	24.837
Solyc02g082960.3.1	27.784
Solyc02g083450.3.1	55.175
Solyc02g083460.3.1	54.771
Solyc02g083480.3.1	31.905
Solyc02g083490.3.1	32.249
Solyc02g083640.4.1	55.483
Solyc02g083700.4.1	110.935
Solyc02g083760.4.1	31.211
Solyc02g083790.4.1	28.426
Solyc02g083830.2.1	28.788
Solyc02g083870.3.1	8.629
Solyc02g083880.3.1	8.576
Solyc02g084030.3.1	24.948
Solyc02g075620.4.1	38.454
Solyc02g084610.1.1	42.942
Solyc02g084690.3.1	74.709
Solyc02g084720.3.1	91.088
Solyc02g084790.3.1	34.027
Solyc02g084810.3.1	41.394
Solyc02g084990.3.1	46.783
Solyc02g085120.3.1	59.202
Solyc02g085140.4.1	76.834
Solyc02g085150.4.1	41.004
Solyc02g094860.3.1	56.561
Solyc02g085930.3.1	36.359
Solyc02g086020.2.1	11.668
Solyc02g086210.4.1	37.214
Solyc02g086290.2.1	28.287
Solyc02g086310.2.1	1.106
Solyc02g086410.3.1	62.202
Solyc02g086590.3.1	69.748
Solyc02g086910.4.1	53.422
Solyc02g087010.2.1	54.355
Solyc02g087020.1.1	5.947
Solyc02g087190.1.1	34.210
Solyc02g087250.4.1	138.429
Solyc02g087350.3.1	39.427
Solyc02g087460.1.1	63.091
Solyc02g087490.3.1	32.992
Solyc02g087520.3.1	26.411
Solyc02g087670.3.1	47.425
Solyc02g087720.1.1	73.255
Solyc02g087770.3.1	36.596
Solyc02g087780.3.1	37.267
Solyc02g087790.2.1	40.910
Solyc02g087800.3.1	36.445
Solyc02g087820.1.1	24.127
Solyc02g087910.3.1	10.515
Solyc02g088080.2.1	6.579
Solyc02g088100.3.1	23.506
Solyc02g088380.4.1	16.521
Solyc02g088390.4.1	16.319
Solyc02g088820.4.1	50.987
Solyc02g088830.4.1	12.589
Solyc02g089080.2.1	20.267
Solyc02g089090.3.1	94.928
Solyc02g089120.4.1	47.019
Solyc02g089130.4.1	46.840
Solyc02g089250.4.1	36.539
Solyc02g089270.1.1	8.911
Solyc02g089300.3.1	13.211
Solyc02g089350.3.1	10.037
Solyc02g089550.3.1	66.239
Solyc02g089710.3.1	41.074
Solyc02g089880.4.1	37.303
Solyc02g089900.1.1	67.706
Solyc02g089920.1.1	66.748
Solyc02g090110.3.1	74.890
Solyc02g090210.3.1	38.192
Solyc02g090300.3.1	52.567
Solyc02g090340.2.1	52.780
Solyc02g090360.3.1	57.733
Solyc02g090450.3.1	33.079
Solyc02g090470.4.1	33.120
Solyc02g090490.3.1	42.038
Solyc02g090590.1.1	6.439
Solyc02g090610.1.1	7.794
Solyc02g090960.1.1	10.475
Solyc02g091400.1.1	13.912
Solyc02g091590.4.1	98.234
Solyc02g091840.3.1	108.899
Solyc02g091860.3.1	106.369
Solyc02g091910.2.1	12.198
Solyc02g091920.3.1	30.199
Solyc02g091950.4.1	54.595
Solyc02g092040.1.1	26.774
Solyc02g092110.3.1	6.932
Solyc02g092120.3.1	6.984
Solyc02g092130.2.1	3.479
Solyc02g092470.3.1	96.314
Solyc02g092525.1.1	7.366
Solyc02g092580.3.1	33.416
Solyc02g092670.1.1	77.801
Solyc02g092680.1.1	77.280
Solyc02g092890.1.1	6.792
Solyc02g092940.3.1	80.933
Solyc02g093100.3.1	70.982
Solyc02g093310.3.1	42.155
Solyc02g093650.4.1	19.329
Solyc02g093910.3.1	43.635
Solyc02g093970.4.1	82.495
Solyc02g094010.2.1	71.816
Solyc02g094040.3.1	42.339
Solyc02g094180.3.1	32.919
Solyc02g094330.3.1	15.726
Solyc02g094440.4.1	18.445
Solyc03g005020.3.1	42.102
Solyc03g005130.3.1	85.707
Solyc03g005200.3.1	14.621
Solyc03g005213.1.1	21.138
Solyc03g005270.3.1	21.188
Solyc03g005280.4.1	53.966
Solyc03g005470.3.1	15.187
Solyc03g005580.2.1	53.419
Solyc03g005690.3.1	28.762
Solyc03g005900.4.1	37.731
Solyc03g005910.3.1	37.445
Solyc03g005947.1.1	6.443
Solyc03g005960.3.1	105.056
Solyc03g006010.3.1	54.713
Solyc03g006030.4.1	127.106
Solyc03g006080.4.1	117.551
Solyc03g006130.3.1	77.023
Solyc03g006140.3.1	82.230
Solyc03g006200.3.1	31.385
Solyc03g006210.2.1	35.519
Solyc03g006240.3.1	38.166
Solyc03g006250.2.1	38.996
Solyc03g006260.4.1	76.616
Solyc03g006300.3.1	107.118
Solyc03g006690.1.1	22.310
Solyc03g006700.3.1	34.133
Solyc03g006720.1.1	90.211
Solyc03g006730.3.1	189.744
Solyc03g006780.2.1	61.229
Solyc03g006810.3.1	32.442
Solyc03g006970.1.1	80.479
Solyc03g007050.3.1	104.496
Solyc03g007160.1.1	18.195
Solyc03g007220.3.1	7.725
Solyc03g007410.4.1	37.738
Solyc03g007485.1.1	65.523
Solyc03g007760.3.1	89.931
Solyc03g007780.1.1	5.299
Solyc03g007790.3.1	93.156
Solyc03g007920.4.1	29.876
Solyc03g007940.4.1	34.332
Solyc03g007950.3.1	47.740
Solyc03g025180.2.1	4.851
Solyc03g025380.3.1	31.508
Solyc03g025580.1.1	10.989
Solyc03g025600.3.1	42.417
Solyc03g025650.2.1	34.142
Solyc03g025660.1.1	13.827
Solyc03g025670.3.1	17.382
Solyc03g025680.3.1	17.535
Solyc03g025960.1.1	4.132
Solyc03g026090.4.1	9.939
Solyc03g026115.1.1	7.317
Solyc03g026260.3.1	41.270
Solyc03g026290.3.1	36.517
Solyc03g026300.4.1	32.995
Solyc03g031480.3.1	5.665
Solyc03g031483.1.1	5.966
Solyc03g031530.4.1	47.112
Solyc03g031550.1.1	14.247
Solyc03g031580.3.1	14.155
Solyc03g031610.1.1	6.934
Solyc03g031680.3.1	47.230
Solyc03g031730.3.1	56.797
Solyc03g031790.1.1	35.350
Solyc03g031800.3.1	31.988
Solyc03g031840.3.1	26.939
Solyc03g031895.1.1	5.821
Solyc03g031950.3.1	23.639
Solyc03g031980.4.1	74.027
Solyc03g032040.3.1	76.242
Solyc03g033350.3.1	14.084
Solyc03g033490.3.1	29.579
Solyc03g033620.3.1	51.570
Solyc03g033690.2.1	34.808
Solyc03g033710.3.1	34.538
Solyc03g034030.3.1	26.897
Solyc03g034330.1.1	7.560
Solyc03g034334.1.1	7.328
Solyc03g034336.1.1	7.611
Solyc03g034338.1.1	6.813
Solyc03g034380.1.1	7.927
Solyc03g034390.1.1	7.692
Solyc03g150107.1.1	9.910
Solyc03g043710.1.1	69.602
Solyc03g043770.4.1	51.555
Solyc03g043585.1.1	6.313
Solyc03g044150.4.1	78.077
Solyc03g044160.3.1	89.027
Solyc03g044180.1.1	6.789
Solyc03g044230.1.1	40.240
Solyc03g044560.1.1	9.031
Solyc03g044580.1.1	9.406
Solyc03g046580.1.1	33.812
Solyc03g070440.4.1	46.866
Solyc03g071570.3.1	51.528
Solyc03g071627.1.1	14.033
Solyc03g071840.2.1	14.479
Solyc03g058450.4.1	52.136
Solyc03g058890.4.1	47.976
Solyc03g058910.3.1	41.488
Solyc03g059020.3.1	76.078
Solyc03g059070.4.1	50.206
Solyc03g059110.1.1	3.778
Solyc03g059490.1.1	117.803
Solyc03g062710.4.1	41.508
Solyc03g063150.3.1	59.980
Solyc03g063280.3.1	49.182
Solyc03g064010.4.1	66.646
Solyc03g013300.1.1	18.440
Solyc03g013090.1.1	8.830
Solyc03g013040.1.1	14.284
Solyc03g078090.4.1	52.718
Solyc03g078100.3.1	57.743
Solyc03g078160.3.1	18.943
Solyc03g078200.3.1	85.318
Solyc03g078360.1.1	86.724
Solyc03g078370.1.1	84.337
Solyc03g078520.4.1	65.157
Solyc03g079880.4.1	9.739
Solyc03g080040.1.1	10.559
Solyc03g080150.3.1	32.642
Solyc03g081260.4.1	80.616
Solyc03g082440.1.1	47.535
Solyc03g082450.3.1	121.649
Solyc03g082470.4.1	126.602
Solyc03g082660.3.1	48.724
Solyc03g082750.1.1	18.655
Solyc03g082770.1.1	34.074
Solyc03g082780.3.1	86.067
Solyc03g082900.3.1	38.508
Solyc03g082945.1.1	6.055
Solyc03g083460.3.1	38.851
Solyc03g083470.3.1	69.249
Solyc03g083480.4.1	32.445
Solyc03g083510.4.1	36.217
Solyc03g083560.1.1	34.935
Solyc03g083660.1.1	18.038
Solyc03g083680.1.1	8.157
Solyc03g083690.1.1	6.587
Solyc03g083700.1.1	18.285
Solyc03g083710.1.1	17.873
Solyc03g083720.1.1	19.001
Solyc03g083730.1.1	18.444
Solyc03g083770.1.1	18.630
Solyc03g083820.3.1	52.296
Solyc03g083840.3.1	56.340
Solyc03g083870.4.1	55.672
Solyc03g083900.4.1	63.448
Solyc03g083990.1.1	9.768
Solyc03g083993.1.1	9.768
Solyc03g083994.1.1	9.768
Solyc03g083995.1.1	9.768
Solyc03g083996.1.1	13.357
Solyc03g083998.1.1	9.823
Solyc03g090990.1.1	8.674
Solyc03g091000.1.1	8.652
Solyc03g091010.1.1	8.688
Solyc03g091020.1.1	8.674
Solyc03g091030.1.1	8.655
Solyc03g091035.1.1	8.655
Solyc03g093050.1.1	8.693
Solyc03g093060.1.1	8.674
Solyc03g093070.1.1	9.629
Solyc03g093080.3.1	29.708
Solyc03g093110.3.1	29.821
Solyc03g093130.3.1	29.708
Solyc03g093330.4.1	104.929
Solyc03g093360.3.1	17.168
Solyc03g093380.2.1	94.870
Solyc03g093390.4.1	27.955
Solyc03g093440.4.1	35.269
Solyc03g093470.3.1	28.018
Solyc03g093800.1.1	10.876
Solyc03g094080.4.1	15.795
Solyc03g095490.3.1	66.813
Solyc03g095710.4.1	47.293
Solyc03g095850.1.1	63.171
Solyc03g096420.1.1	5.015
Solyc03g096430.1.1	4.192
Solyc03g096540.3.1	17.364
Solyc03g096840.4.1	13.266
Solyc03g096860.3.1	19.888
Solyc03g096990.4.1	60.019
Solyc03g097020.4.1	67.819
Solyc03g097040.2.1	5.721
Solyc03g097270.3.1	23.805
Solyc03g097750.4.1	18.764
Solyc03g097780.3.1	48.255
Solyc03g098010.3.1	35.039
Solyc03g098430.4.1	29.759
Solyc03g098670.1.1	19.778
Solyc03g098680.3.1	22.804
Solyc03g098700.1.1	21.408
Solyc03g098710.1.1	22.673
Solyc03g098720.3.1	21.220
Solyc03g098730.1.1	24.582
Solyc03g098740.1.1	19.237
Solyc03g098750.3.1	8.810
Solyc03g098760.3.1	20.211
Solyc03g098780.2.1	22.052
Solyc03g098790.3.1	21.985
Solyc03g098795.1.1	17.111
Solyc03g020080.4.1	14.610
Solyc03g020070.4.1	13.800
Solyc03g020060.3.1	18.687
Solyc03g020050.3.1	18.197
Solyc03g020040.3.1	19.987
Solyc03g020030.3.1	19.944
Solyc03g020010.1.1	20.248
Solyc03g019890.3.1	93.612
Solyc03g019830.4.1	66.868
Solyc03g019790.3.1	42.597
Solyc03g019690.1.1	21.422
Solyc03g019670.3.1	55.425
Solyc03g111060.3.1	7.533
Solyc03g111150.4.1	49.185
Solyc03g111280.1.1	54.342
Solyc03g111300.1.1	54.040
Solyc03g111530.4.1	34.444
Solyc03g111540.2.1	72.630
Solyc03g111550.4.1	33.031
Solyc03g111670.3.1	68.506
Solyc03g111690.4.1	41.833
Solyc03g111730.3.1	38.338
Solyc03g111860.1.1	59.261
Solyc03g111920.2.1	52.851
Solyc03g111940.2.1	53.355
Solyc03g111957.1.1	12.864
Solyc03g111997.1.1	31.115
Solyc03g112100.3.1	20.063
Solyc03g112170.1.1	16.129
Solyc03g112180.1.1	15.606
Solyc03g112310.1.1	71.230
Solyc03g112340.1.1	42.293
Solyc03g112580.3.1	117.614
Solyc03g112620.4.1	43.492
Solyc03g112650.3.1	22.613
Solyc03g112680.3.1	104.474
Solyc03g112760.3.1	117.025
Solyc03g112790.3.1	30.788
Solyc03g113030.4.1	36.541
Solyc03g113150.3.1	45.954
Solyc03g113230.3.1	42.742
Solyc03g113340.3.1	56.935
Solyc03g113380.4.1	96.346
Solyc03g113450.4.1	64.350
Solyc03g113470.3.1	57.142
Solyc03g113490.3.1	71.754
Solyc03g113570.1.1	21.210
Solyc03g113580.1.1	20.839
Solyc03g113610.4.1	42.299
Solyc03g150154.1.1	37.479
Solyc03g113910.3.1	13.808
Solyc03g113930.3.1	18.484
Solyc03g114080.2.1	66.166
Solyc03g114120.3.1	17.770
Solyc03g114490.3.1	5.485
Solyc03g114540.2.1	33.261
Solyc03g114700.2.1	20.664
Solyc03g114705.1.1	9.184
Solyc03g114890.4.1	42.114
Solyc03g114900.3.1	46.751
Solyc03g115190.4.1	2.775
Solyc03g115200.3.1	16.928
Solyc03g115270.3.1	26.099
Solyc03g115300.2.1	26.040
Solyc03g115310.1.1	26.390
Solyc03g115320.3.1	25.868
Solyc03g115345.1.1	26.319
Solyc03g115500.3.1	57.908
Solyc03g115610.3.1	116.428
Solyc03g115710.1.1	90.893
Solyc03g115890.3.1	24.311
Solyc03g115950.3.1	7.512
Solyc03g115960.3.1	38.125
Solyc03g116190.2.1	11.117
Solyc03g116200.2.1	3.031
Solyc03g116230.4.1	28.278
Solyc03g116240.3.1	9.851
Solyc03g116450.1.1	19.284
Solyc03g116580.4.1	22.065
Solyc03g116590.3.1	19.055
Solyc03g116650.3.1	7.217
Solyc03g116690.3.1	17.456
Solyc03g117020.4.1	21.283
Solyc03g117180.3.1	46.985
Solyc03g117190.1.1	43.052
Solyc03g117280.4.1	55.710
Solyc03g117560.3.1	16.001
Solyc03g117610.2.1	8.192
Solyc03g117620.4.1	18.776
Solyc03g117670.4.1	24.852
Solyc03g117930.4.1	63.833
Solyc03g118040.3.1	57.748
Solyc03g118120.3.1	23.608
Solyc03g118135.1.1	5.184
Solyc03g118370.3.1	49.280
Solyc03g118510.3.1	67.538
Solyc03g118520.4.1	10.192
Solyc03g118580.3.1	15.723
Solyc03g118670.3.1	73.004
Solyc03g118780.3.1	23.409
Solyc03g119080.4.1	56.841
Solyc03g119210.1.1	7.306
Solyc03g119230.1.1	26.892
Solyc03g119240.3.1	72.109
Solyc03g119340.3.1	42.652
Solyc03g119480.4.1	21.797
Solyc03g119550.3.1	36.928
Solyc03g119620.1.1	17.191
Solyc03g119670.3.1	7.813
Solyc03g119880.3.1	15.558
Solyc03g119900.4.1	33.342
Solyc03g119920.1.1	115.965
Solyc03g120040.3.1	38.700
Solyc03g120110.3.1	86.807
Solyc03g120290.3.1	10.395
Solyc03g120720.3.1	57.291
Solyc03g120730.3.1	49.050
Solyc03g120800.4.1	43.349
Solyc03g120860.2.1	16.943
Solyc03g120960.1.1	13.014
Solyc03g121100.4.1	27.012
Solyc03g121170.3.1	43.655
Solyc03g121180.4.1	35.792
Solyc03g121200.4.1	4.874
Solyc03g121230.3.1	97.183
Solyc03g121270.3.1	46.055
Solyc03g121490.4.1	6.324
Solyc03g121540.3.1	90.518
Solyc03g121570.3.1	70.813
Solyc03g121600.4.1	61.346
Solyc03g121610.3.1	94.484
Solyc03g121680.3.1	61.814
Solyc03g121790.2.1	10.866
Solyc03g121900.1.1	8.089
Solyc03g122000.4.1	26.734
Solyc03g122120.4.1	57.735
Solyc03g122230.2.1	70.901
Solyc03g122250.3.1	54.715
Solyc03g123410.1.1	19.679
Solyc03g123420.1.1	14.310
Solyc03g123490.1.1	80.603
Solyc03g123580.4.1	14.242
Solyc03g123650.3.1	6.855
Solyc03g123740.4.1	74.213
Solyc03g123820.2.1	56.988
Solyc03g123860.4.1	118.048
Solyc03g124040.3.1	63.867
Solyc04g005040.1.1	37.461
Solyc04g005050.1.1	37.909
Solyc04g005240.2.1	7.164
Solyc04g005450.3.1	70.736
Solyc04g005640.3.1	24.522
Solyc04g005780.1.1	62.236
Solyc04g005910.3.1	66.562
Solyc04g006950.4.1	4.818
Solyc04g006983.1.1	5.898
Solyc04g006987.1.1	5.984
Solyc04g007060.4.1	99.316
Solyc04g007150.3.1	64.251
Solyc04g007310.2.1	25.375
Solyc04g007390.4.1	72.853
Solyc04g007440.1.1	38.005
Solyc04g007570.2.1	37.594
Solyc04g007610.3.1	55.264
Solyc04g007660.1.1	39.268
Solyc04g007670.1.1	13.109
Solyc04g007810.1.1	12.321
Solyc04g007910.3.1	52.307
Solyc04g150105.1.1	21.422
Solyc04g008210.2.1	35.649
Solyc04g008230.3.1	50.709
Solyc04g008260.3.1	34.814
Solyc04g008370.3.1	57.297
Solyc04g008400.1.1	143.424
Solyc04g008430.1.1	120.150
Solyc04g008470.3.1	5.380
Solyc04g008650.4.1	69.712
Solyc04g008730.3.1	44.899
Solyc04g008830.1.1	61.587
Solyc04g008850.1.1	49.200
Solyc04g009320.3.1	39.342
Solyc04g009590.4.1	8.790
Solyc04g009760.2.1	37.640
Solyc04g009920.3.1	57.721
Solyc04g010270.1.1	37.909
Solyc04g011467.1.1	16.135
Solyc04g011720.3.1	50.061
Solyc04g011730.3.1	50.319
Solyc04g012110.2.1	64.903
Solyc04g014280.1.1	7.358
Solyc04g014290.1.1	9.185
Solyc04g014320.1.1	8.429
Solyc04g014330.1.1	8.443
Solyc04g014400.4.1	126.295
Solyc04g014430.2.1	75.950
Solyc04g014570.3.1	65.209
Solyc04g014720.4.1	25.385
Solyc04g014750.1.1	8.016
Solyc04g014770.1.1	4.636
Solyc04g014780.1.1	10.733
Solyc04g014790.1.1	12.351
Solyc04g015270.3.1	74.660
Solyc04g015340.3.1	49.749
Solyc04g015460.4.1	93.380
Solyc04g015510.1.1	17.263
Solyc04g015560.4.1	66.269
Solyc04g015600.3.1	95.040
Solyc04g015610.3.1	37.975
Solyc04g015620.3.1	38.190
Solyc04g015770.1.1	21.726
Solyc04g015780.1.1	16.607
Solyc04g015790.1.1	11.035
Solyc04g015800.1.1	36.260
Solyc04g015810.1.1	6.198
Solyc04g015820.1.1	5.566
Solyc04g016310.3.1	2.426
Solyc04g016335.1.1	9.759
Solyc04g016430.3.1	57.626
Solyc04g016490.4.1	43.043
Solyc04g016590.3.1	7.110
Solyc04g017720.3.1	10.031
Solyc04g017830.3.1	15.240
Solyc04g018085.1.1	5.130
Solyc04g150116.1.1	12.033
Solyc04g040090.4.1	18.383
Solyc04g040000.2.1	5.911
Solyc04g039960.4.1	29.014
Solyc04g039730.3.1	66.707
Solyc04g026140.1.1	12.139
Solyc04g025440.3.1	47.598
Solyc04g024840.3.1	39.369
Solyc04g024730.1.1	5.559
Solyc04g047720.4.1	20.406
Solyc04g048900.3.1	46.487
Solyc04g049070.3.1	102.678
Solyc04g049080.4.1	22.773
Solyc04g049450.3.1	60.232
Solyc04g049670.4.1	70.827
Solyc04g050170.4.1	109.016
Solyc04g050250.1.1	6.036
Solyc04g050490.4.1	45.788
Solyc04g050570.3.1	37.446
Solyc04g050620.3.1	54.915
Solyc04g050623.1.1	5.835
Solyc04g050730.3.1	37.151
Solyc04g051230.3.1	4.396
Solyc04g051420.3.1	5.726
Solyc04g051510.1.1	128.164
Solyc04g051590.3.1	50.674
Solyc04g051640.3.1	29.618
Solyc04g051710.2.1	12.048
Solyc04g051720.3.1	6.938
Solyc04g053100.3.1	14.474
Solyc04g054200.3.1	112.422
Solyc04g054360.1.1	17.230
Solyc04g054450.1.1	93.315
Solyc04g054490.3.1	56.207
Solyc04g054690.3.1	61.830
Solyc04g054810.3.1	15.569
Solyc04g054980.3.1	17.510
Solyc04g055090.1.1	44.137
Solyc04g055100.1.1	33.121
Solyc04g056420.1.1	27.007
Solyc04g056590.3.1	50.003
Solyc04g056640.1.1	77.857
Solyc04g058030.3.1	30.056
Solyc04g058040.3.1	20.712
Solyc04g058080.3.1	16.809
Solyc04g063220.1.1	5.606
Solyc04g064760.3.1	50.253
Solyc04g064850.3.1	52.769
Solyc04g064940.3.1	116.141
Solyc04g071000.1.1	72.785
Solyc04g071070.2.1	30.296
Solyc04g150160.1.1	55.137
Solyc04g071080.2.1	32.828
Solyc04g071083.1.1	42.942
Solyc04g150161.1.1	43.152
Solyc04g071200.3.1	4.793
Solyc04g071295.1.1	5.698
Solyc04g071640.1.1	11.493
Solyc04g071680.2.1	98.990
Solyc04g071850.1.1	18.686
Solyc04g072000.4.1	27.037
Solyc04g072010.3.1	51.960
Solyc04g072280.3.1	60.484
Solyc04g072470.4.1	6.467
Solyc04g072690.3.1	55.222
Solyc04g072780.4.1	20.606
Solyc04g072850.4.1	82.606
Solyc04g072860.3.1	82.200
Solyc04g072870.2.1	82.781
Solyc04g072920.4.1	42.799
Solyc04g074050.4.1	87.735
Solyc04g074167.1.1	14.636
Solyc04g074240.3.1	33.300
Solyc04g074400.1.1	30.392
Solyc04g074410.2.1	31.067
Solyc04g074440.1.1	31.099
Solyc04g074450.1.1	31.127
Solyc04g074470.1.1	30.114
Solyc04g074730.1.1	10.066
Solyc04g074740.4.1	16.048
Solyc04g074820.3.1	40.576
Solyc04g075010.1.1	11.258
Solyc04g076190.1.1	43.881
Solyc04g076210.3.1	117.851
Solyc04g076260.2.1	12.331
Solyc04g076280.4.1	19.963
Solyc04g076320.4.1	58.235
Solyc04g076460.4.1	40.265
Solyc04g076730.1.1	5.102
Solyc04g076770.3.1	34.689
Solyc04g076980.3.1	38.098
Solyc04g077010.4.1	95.634
Solyc04g077270.4.1	88.632
Solyc04g077280.3.1	88.056
Solyc04g077300.3.1	59.486
Solyc04g077320.2.1	33.456
Solyc04g077340.3.1	78.790
Solyc04g077360.3.1	89.440
Solyc04g077370.2.1	87.819
Solyc04g077390.3.1	87.635
Solyc04g077410.4.1	52.782
Solyc04g077580.3.1	6.717
Solyc04g077630.3.1	52.938
Solyc04g077640.4.1	49.588
Solyc04g077650.3.1	49.378
Solyc04g077670.3.1	50.045
Solyc04g078010.4.1	10.316
Solyc04g078110.1.1	78.564
Solyc04g078410.4.1	88.865
Solyc04g078560.1.1	40.520
Solyc04g078590.3.1	71.835
Solyc04g078740.2.1	78.854
Solyc04g078860.4.1	91.170
Solyc04g079010.1.1	8.185
Solyc04g079040.4.1	38.760
Solyc04g079060.3.1	50.997
Solyc04g079070.4.1	49.806
Solyc04g079330.2.1	51.826
Solyc04g079450.4.1	22.189
Solyc04g079540.3.1	45.045
Solyc04g079860.1.1	35.930
Solyc04g080180.1.1	67.738
Solyc04g080330.3.1	37.122
Solyc04g080395.1.1	58.467
Solyc04g150172.1.1	10.707
Solyc04g080530.3.1	35.510
Solyc04g080620.3.1	44.208
Solyc04g080630.4.1	15.121
Solyc04g080760.3.1	34.366
Solyc04g080820.2.1	56.952
Solyc04g080920.3.1	52.082
Solyc04g081080.1.1	119.761
Solyc04g081110.1.1	56.828
Solyc04g081120.1.1	58.052
Solyc04g081130.1.1	57.405
Solyc04g081140.1.1	57.838
Solyc04g081370.2.1	45.240
Solyc04g081480.3.1	34.690
Solyc04g081520.3.1	59.389
Solyc04g081550.3.1	32.546
Solyc04g081560.3.1	32.186
Solyc04g081570.3.1	89.981
Solyc04g081590.4.1	105.909
Solyc04g081800.3.1	35.015
Solyc04g081810.4.1	80.466
Solyc04g081860.3.1	32.369
Solyc04g081990.3.1	44.561
Solyc04g082140.3.1	57.769
Solyc04g082190.1.1	77.182
Solyc04g082490.3.1	138.241
Solyc04g082620.3.1	98.572
Solyc04g082670.4.1	66.297
Solyc04g082710.4.1	37.407
Solyc04g082790.4.1	54.879
Solyc05g005040.4.1	48.733
Solyc05g005050.3.1	30.375
Solyc05g005540.4.1	66.177
Solyc05g005570.3.1	66.516
Solyc05g005660.1.1	62.190
Solyc05g005680.3.1	32.834
Solyc05g005760.4.1	53.340
Solyc05g005770.3.1	41.226
Solyc05g006190.2.1	2.283
Solyc05g006220.3.1	46.737
Solyc05g006230.2.1	34.745
Solyc05g006330.2.1	3.782
Solyc05g006360.2.1	37.918
Solyc05g006400.2.1	56.438
Solyc05g006450.3.1	48.738
Solyc05g006500.4.1	21.235
Solyc05g006510.2.1	40.400
Solyc05g006570.1.1	63.987
Solyc05g006580.3.1	22.351
Solyc05g006700.4.1	29.878
Solyc05g006770.4.1	36.979
Solyc05g006813.1.1	8.306
Solyc05g006817.1.1	9.114
Solyc05g007010.3.1	48.060
Solyc05g007120.4.1	79.564
Solyc05g007390.1.1	28.266
Solyc05g007520.1.1	26.537
Solyc05g007540.3.1	28.257
Solyc05g007650.1.1	6.542
Solyc05g007660.2.1	30.651
Solyc05g007830.3.1	24.470
Solyc05g007930.3.1	68.779
Solyc05g007940.3.1	24.203
Solyc05g007950.4.1	22.666
Solyc05g008100.1.1	11.601
Solyc05g008145.1.1	7.808
Solyc05g008150.3.1	7.799
Solyc05g008155.1.1	9.141
Solyc05g008260.3.1	102.484
Solyc05g008310.4.1	94.124
Solyc05g008320.1.1	36.341
Solyc05g008380.4.1	55.738
Solyc05g008895.1.1	6.993
Solyc05g008900.4.1	13.312
Solyc05g008930.3.1	80.754
Solyc05g008940.3.1	71.763
Solyc05g008960.3.1	72.490
Solyc05g008980.2.1	68.728
Solyc05g008990.3.1	72.303
Solyc05g009050.3.1	63.693
Solyc05g009090.3.1	68.378
Solyc05g009100.4.1	72.786
Solyc05g009150.4.1	84.775
Solyc05g009330.3.1	18.000
Solyc05g009430.3.1	30.175
Solyc05g009470.4.1	59.614
Solyc05g009680.1.1	49.852
Solyc05g009820.4.1	37.781
Solyc05g009890.1.1	47.569
Solyc05g009930.3.1	108.718
Solyc05g009990.4.1	38.078
Solyc05g010030.4.1	7.113
Solyc05g010040.2.1	11.080
Solyc05g010045.1.1	6.126
Solyc05g010190.2.1	7.081
Solyc05g010400.3.1	66.540
Solyc05g010512.1.1	4.811
Solyc05g150107.1.1	7.443
Solyc05g011825.2.1	11.242
Solyc05g012170.3.1	6.563
Solyc05g012172.1.1	7.442
Solyc05g012173.1.1	9.889
Solyc05g012177.1.1	6.333
Solyc05g012230.4.1	44.308
Solyc05g012260.3.1	66.395
Solyc05g012280.3.1	30.523
Solyc05g012380.3.1	18.347
Solyc05g012540.4.1	50.723
Solyc05g012730.1.1	45.191
Solyc05g013130.3.1	21.601
Solyc05g013240.4.1	15.072
Solyc05g013350.4.1	50.146
Solyc05g013660.4.1	41.085
Solyc05g013680.3.1	39.353
Solyc05g013720.3.1	68.161
Solyc05g013860.4.1	79.612
Solyc05g013870.4.1	41.416
Solyc05g013920.4.1	37.704
Solyc05g013980.3.1	8.750
Solyc05g014000.4.1	41.953
Solyc05g014175.1.1	7.147
Solyc05g014210.4.1	45.337
Solyc05g014240.4.1	101.181
Solyc05g015075.1.1	8.829
Solyc05g015150.3.1	75.268
Solyc05g015160.3.1	50.431
Solyc05g015170.4.1	45.169
Solyc05g015420.4.1	32.946
Solyc05g015470.1.1	7.799
Solyc05g015490.4.1	17.371
Solyc05g015820.4.1	36.619
Solyc05g016310.1.1	55.670
Solyc05g016415.1.1	16.934
Solyc05g016510.1.1	12.601
Solyc05g016600.1.1	12.719
Solyc05g017780.1.1	19.619
Solyc05g018185.1.1	5.442
Solyc05g018310.1.1	35.760
Solyc05g018700.4.1	54.397
Solyc05g018930.1.1	17.287
Solyc05g023720.1.1	15.394
Solyc05g023760.3.1	39.841
Solyc05g024440.1.1	4.077
Solyc05g025500.3.1	49.783
Solyc05g026060.3.1	31.081
Solyc05g026240.3.1	39.856
Solyc05g032820.3.1	22.117
Solyc05g041140.4.1	9.694
Solyc05g041910.3.1	40.929
Solyc05g042170.1.1	7.090
Solyc05g043330.3.1	37.034
Solyc05g046000.4.1	33.009
Solyc05g046010.4.1	33.638
Solyc05g046020.3.1	33.530
Solyc05g046120.3.1	97.853
Solyc05g046240.1.1	12.059
Solyc05g046290.3.1	29.710
Solyc05g047570.2.1	70.677
Solyc05g048780.1.1	17.620
Solyc05g048790.1.1	18.545
Solyc05g049890.1.1	6.917
Solyc05g049980.3.1	49.789
Solyc05g050130.4.1	28.684
Solyc05g050700.1.1	42.610
Solyc05g050710.3.1	45.356
Solyc05g050730.1.1	15.108
Solyc05g050780.3.1	49.217
Solyc05g050880.2.1	31.287
Solyc05g050883.1.1	6.607
Solyc05g051260.3.1	62.500
Solyc05g051270.3.1	26.919
Solyc05g051320.2.1	34.883
Solyc05g051640.4.1	76.221
Solyc05g051780.4.1	59.613
Solyc05g051870.3.1	13.318
Solyc05g052090.1.1	33.654
Solyc05g052110.3.1	37.753
Solyc05g052120.4.1	37.523
Solyc05g052210.3.1	26.429
Solyc05g052250.3.1	24.338
Solyc05g052280.3.1	32.280
Solyc05g052360.2.1	17.493
Solyc05g052390.3.1	60.474
Solyc05g052400.3.1	60.351
Solyc05g052460.3.1	27.773
Solyc05g052530.3.1	33.697
Solyc05g052590.1.1	82.492
Solyc05g053010.1.1	74.041
Solyc05g053020.3.1	23.534
Solyc05g053350.3.1	30.878
Solyc05g053460.1.1	13.360
Solyc05g053640.1.1	6.095
Solyc05g053680.1.1	36.046
Solyc05g053700.3.1	30.380
Solyc05g053750.3.1	42.204
Solyc05g053900.4.1	49.997
Solyc05g053960.3.1	19.756
Solyc05g054120.1.1	11.183
Solyc05g054160.1.1	6.427
Solyc05g054680.1.1	90.265
Solyc05g054710.3.1	59.319
Solyc05g054860.1.1	88.027
Solyc05g054900.3.1	17.397
Solyc05g055040.3.1	57.440
Solyc05g055190.1.1	111.831
Solyc05g055290.3.1	37.248
Solyc05g055320.3.1	33.859
Solyc05g055460.1.1	13.453
Solyc05g055490.3.1	58.884
Solyc05g055510.3.1	51.796
Solyc05g055710.3.1	48.622
Solyc05g055930.2.1	29.456
Solyc05g056180.1.1	4.490
Solyc05g056290.4.1	29.727
Solyc05g056400.3.1	57.574
Solyc05g056450.3.1	45.033
Solyc05g056473.1.1	9.631
Solyc06g005300.4.1	28.423
Solyc06g005385.1.1	5.782
Solyc06g005395.1.1	10.040
Solyc06g005460.1.1	17.868
Solyc06g005770.1.1	9.763
Solyc06g005780.1.1	10.143
Solyc06g005795.2.1	10.661
Solyc06g005840.4.1	9.533
Solyc06g005920.3.1	18.337
Solyc06g005930.3.1	76.115
Solyc06g005940.3.1	53.495
Solyc06g006020.3.1	32.690
Solyc06g006026.1.1	20.166
Solyc06g006028.1.1	32.966
Solyc06g007330.3.1	23.610
Solyc06g007340.3.1	25.731
Solyc06g007520.4.1	23.933
Solyc06g007620.3.1	17.138
Solyc06g007700.4.1	31.752
Solyc06g007890.3.1	10.699
Solyc06g007910.4.1	8.253
Solyc06g008057.1.1	6.424
Solyc06g008220.4.1	25.499
Solyc06g008270.2.1	88.160
Solyc06g008300.4.1	104.550
Solyc06g008540.1.1	7.925
Solyc06g008550.1.1	9.441
Solyc06g008570.1.1	69.321
Solyc06g008625.1.1	8.555
Solyc06g008640.2.1	7.572
Solyc06g008650.4.1	7.056
Solyc06g008680.3.1	7.607
Solyc06g008910.2.1	37.547
Solyc06g009090.1.1	20.522
Solyc06g009110.3.1	42.401
Solyc06g009150.1.1	15.704
Solyc06g009180.3.1	56.422
Solyc06g009200.3.1	40.198
Solyc06g009530.3.1	128.485
Solyc06g009540.1.1	94.798
Solyc06g009550.4.1	78.747
Solyc06g009760.1.1	14.022
Solyc06g009790.4.1	46.993
Solyc06g016790.3.1	13.779
Solyc06g031712.1.1	4.352
Solyc06g033920.1.1	104.931
Solyc06g033940.1.1	6.931
Solyc06g034010.1.1	9.953
Solyc06g034110.3.1	27.846
Solyc06g034130.2.1	41.261
Solyc06g034360.2.1	55.743
Solyc06g034370.1.1	18.749
Solyc06g034390.1.1	34.843
Solyc06g035420.1.1	34.717
Solyc06g035580.3.1	58.617
Solyc06g035690.3.1	37.197
Solyc06g035820.1.1	7.530
Solyc06g036470.3.1	88.237
Solyc06g048440.3.1	34.573
Solyc06g048510.4.1	44.817
Solyc06g048620.3.1	102.458
Solyc06g048670.4.1	37.320
Solyc06g048700.1.1	5.421
Solyc06g048720.1.1	10.073
Solyc06g048735.1.1	33.211
Solyc06g048860.3.1	59.929
Solyc06g048940.4.1	61.563
Solyc06g048950.3.1	94.356
Solyc06g049050.3.1	24.149
Solyc06g050130.3.1	44.779
Solyc06g050140.1.1	7.020
Solyc06g050440.3.1	32.292
Solyc06g050530.3.1	59.582
Solyc06g050990.3.1	51.086
Solyc06g051010.1.1	64.104
Solyc06g051020.2.1	53.604
Solyc06g051030.3.1	68.904
Solyc06g051540.4.1	60.592
Solyc06g051800.3.1	26.249
Solyc06g052020.2.1	5.644
Solyc06g052050.4.1	64.867
Solyc06g053380.3.1	28.639
Solyc06g053710.3.1	82.941
Solyc06g053860.3.1	66.524
Solyc06g053970.4.1	7.414
Solyc06g053990.1.1	4.486
Solyc06g054000.1.1	4.459
Solyc06g054030.2.1	17.514
Solyc06g054070.3.1	12.649
Solyc06g054320.1.1	18.049
Solyc06g054410.4.1	45.346
Solyc06g054450.3.1	26.825
Solyc06g054490.3.1	29.880
Solyc06g054500.1.1	33.403
Solyc06g054550.3.1	37.060
Solyc06g059810.1.1	103.909
Solyc06g059830.3.1	9.839
Solyc06g060290.4.1	46.671
Solyc06g060440.2.1	21.876
Solyc06g060450.3.1	22.158
Solyc06g060510.2.1	32.894
Solyc06g060520.1.1	31.438
Solyc06g060640.1.1	11.231
Solyc06g060900.1.1	9.947
Solyc06g060970.2.1	24.741
Solyc06g061005.1.1	6.706
Solyc06g061200.1.1	21.559
Solyc06g061210.4.1	65.577
Solyc06g061220.2.1	2.429
Solyc06g061230.3.1	6.110
Solyc06g062370.4.1	27.384
Solyc06g062380.3.1	27.659
Solyc06g062390.3.1	27.451
Solyc06g062450.3.1	39.424
Solyc06g062580.3.1	90.649
Solyc06g062600.3.1	62.168
Solyc06g062950.1.1	79.966
Solyc06g063150.4.1	78.573
Solyc06g063180.3.1	104.815
Solyc06g063360.4.1	75.473
Solyc06g150126.1.1	46.683
Solyc06g064537.1.1	46.520
Solyc06g064800.2.1	27.706
Solyc06g064820.3.1	37.277
Solyc06g064840.4.1	20.736
Solyc06g064960.3.1	38.568
Solyc06g064980.3.1	40.566
Solyc06g064990.2.1	41.051
Solyc06g065010.4.1	37.780
Solyc06g065030.3.1	64.386
Solyc06g065050.2.1	48.074
Solyc06g065060.1.1	58.083
Solyc06g065070.1.1	58.219
Solyc06g065073.1.1	5.893
Solyc06g065077.1.1	8.452
Solyc06g065260.3.1	104.453
Solyc06g065320.4.1	34.193
Solyc06g065330.4.1	31.428
Solyc06g065370.3.1	10.238
Solyc06g065530.4.1	38.413
Solyc06g065600.1.1	9.520
Solyc06g065720.1.1	98.391
Solyc06g065870.3.1	58.351
Solyc06g065970.1.1	10.554
Solyc06g066050.3.1	16.657
Solyc06g066065.1.1	9.238
Solyc06g066120.3.1	51.026
Solyc06g084820.2.1	52.969
Solyc06g066370.4.1	58.942
Solyc06g066750.3.1	11.403
Solyc06g067910.3.1	39.115
Solyc06g068520.3.1	13.265
Solyc06g068700.4.1	57.591
Solyc06g068730.1.1	49.512
Solyc06g068750.3.1	23.224
Solyc06g068770.3.1	44.964
Solyc06g068860.3.1	113.640
Solyc06g068910.3.1	67.314
Solyc06g069000.3.1	33.000
Solyc06g069070.1.1	7.327
Solyc06g069290.3.1	49.641
Solyc06g069470.3.1	43.213
Solyc06g069580.3.1	58.196
Solyc06g069610.1.1	65.274
Solyc06g069650.4.1	117.838
Solyc06g069790.4.1	8.985
Solyc06g071020.3.1	45.970
Solyc06g071150.4.1	72.331
Solyc06g071590.3.1	43.859
Solyc06g071660.3.1	21.534
Solyc06g071810.1.1	67.333
Solyc06g071840.3.1	37.059
Solyc06g072130.4.1	28.492
Solyc06g072210.1.1	19.182
Solyc06g072220.1.1	21.265
Solyc06g072230.1.1	20.431
Solyc06g072350.3.1	16.657
Solyc06g072400.3.1	33.578
Solyc06g072420.3.1	35.405
Solyc06g072780.2.1	10.093
Solyc06g073000.4.1	29.590
Solyc06g073020.3.1	7.684
Solyc06g073060.3.1	44.639
Solyc06g073100.4.1	39.221
Solyc06g073660.3.1	16.427
Solyc06g073710.4.1	40.405
Solyc06g073740.3.1	66.110
Solyc06g073750.4.1	66.290
Solyc06g073760.3.1	66.250
Solyc06g074000.1.1	47.276
Solyc06g074060.2.1	6.581
Solyc06g074150.3.1	47.247
Solyc06g074180.3.1	55.759
Solyc06g074310.4.1	64.614
Solyc06g074330.3.1	38.246
Solyc06g074420.1.1	51.915
Solyc06g074540.4.1	8.636
Solyc06g074730.4.1	112.422
Solyc06g074850.3.1	53.853
Solyc06g075020.3.1	117.981
Solyc06g075040.1.1	5.805
Solyc06g075050.2.1	28.259
Solyc06g075070.4.1	27.803
Solyc06g075190.1.1	8.091
Solyc06g075200.1.1	6.264
Solyc06g075210.4.1	59.447
Solyc06g075220.1.1	23.352
Solyc06g075260.3.1	51.895
Solyc06g075280.3.1	49.318
Solyc06g075290.4.1	49.187
Solyc06g075320.3.1	48.713
Solyc06g075630.4.1	29.846
Solyc06g076080.3.1	5.049
Solyc06g076220.3.1	25.898
Solyc06g076420.1.1	45.882
Solyc06g076760.2.1	59.670
Solyc06g076870.4.1	35.120
Solyc06g076965.1.1	6.659
Solyc06g082020.4.1	5.737
Solyc06g082240.2.1	60.123
Solyc06g082250.1.1	19.449
Solyc06g082420.4.1	31.344
Solyc06g082690.1.1	4.972
Solyc06g082890.4.1	28.311
Solyc06g082910.3.1	100.067
Solyc06g082920.3.1	64.981
Solyc06g083020.3.1	52.898
Solyc06g083030.3.1	52.961
Solyc06g083040.3.1	52.556
Solyc06g083050.3.1	52.951
Solyc06g083140.4.1	23.651
Solyc06g083650.3.1	37.135
Solyc06g083720.2.1	81.276
Solyc06g083750.3.1	28.531
Solyc06g083740.1.1	10.873
Solyc06g083970.1.1	7.435
Solyc06g084170.3.1	5.869
Solyc06g084180.3.1	5.709
Solyc06g084190.3.1	12.500
Solyc06g084420.1.1	41.902
Solyc07g005090.4.1	39.325
Solyc07g005100.4.1	39.148
Solyc07g005110.4.1	82.101
Solyc07g150100.1.1	13.654
Solyc07g005150.3.1	112.417
Solyc07g005180.3.1	16.443
Solyc07g005190.3.1	53.891
Solyc07g005330.3.1	48.372
Solyc07g005540.1.1	92.312
Solyc07g005600.4.1	70.430
Solyc07g005630.3.1	6.053
Solyc07g005655.1.1	8.818
Solyc07g005775.1.1	10.100
Solyc07g005920.3.1	78.182
Solyc07g005960.3.1	49.888
Solyc07g006110.4.1	65.863
Solyc07g006210.1.1	15.819
Solyc07g006230.1.1	8.857
Solyc07g006380.3.1	9.001
Solyc07g006390.3.1	10.742
Solyc07g006395.2.1	10.687
Solyc07g006430.1.1	51.293
Solyc07g006570.4.1	24.478
Solyc07g006650.4.1	50.769
Solyc07g006660.1.1	59.658
Solyc07g006700.1.1	20.560
Solyc07g006710.2.1	18.601
Solyc07g006720.4.1	47.566
Solyc07g006745.1.1	11.793
Solyc07g006770.2.1	118.230
Solyc07g006860.3.1	30.321
Solyc07g007020.3.1	83.118
Solyc07g007030.1.1	71.763
Solyc07g007240.3.1	7.353
Solyc07g007250.4.1	5.835
Solyc07g007260.4.1	18.351
Solyc07g007270.3.1	12.725
Solyc07g007340.3.1	57.956
Solyc07g007380.4.1	33.856
Solyc07g007460.3.1	52.168
Solyc07g007520.1.1	28.173
Solyc07g007530.1.1	14.520
Solyc07g007540.1.1	7.621
Solyc07g007550.3.1	56.481
Solyc07g007580.2.1	15.404
Solyc07g007670.3.1	52.534
Solyc07g007710.4.1	5.294
Solyc07g007730.4.1	5.532
Solyc07g007735.1.1	5.177
Solyc07g007740.1.1	6.456
Solyc07g007750.3.1	5.280
Solyc07g007780.3.1	56.378
Solyc07g007860.1.1	11.606
Solyc07g150103.1.1	31.477
Solyc07g150104.1.1	31.663
Solyc07g008130.3.1	16.192
Solyc07g008140.3.1	21.429
Solyc07g008150.3.1	39.910
Solyc07g008373.1.1	6.539
Solyc07g008375.1.1	6.071
Solyc07g008400.3.1	92.357
Solyc07g008420.3.1	11.226
Solyc07g008560.3.1	69.369
Solyc07g008570.3.1	68.703
Solyc07g008590.1.1	113.380
Solyc07g008600.1.1	107.494
Solyc07g008620.1.1	112.637
Solyc07g008630.1.1	112.049
Solyc07g008640.3.1	104.738
Solyc07g008830.1.1	13.547
Solyc07g008900.4.1	85.160
Solyc07g008980.3.1	7.080
Solyc07g009020.2.1	7.511
Solyc07g009030.3.1	7.510
Solyc07g009040.3.1	7.511
Solyc07g009050.3.1	7.510
Solyc07g009060.4.1	7.453
Solyc07g009070.4.1	7.453
Solyc07g009080.4.1	7.580
Solyc07g009090.4.1	7.453
Solyc07g009100.3.1	7.511
Solyc07g009230.3.1	5.359
Solyc07g009233.1.1	6.034
Solyc07g009260.3.1	5.703
Solyc07g009265.1.1	5.311
Solyc07g009290.3.1	6.602
Solyc07g009340.2.1	42.284
Solyc07g009405.1.1	7.301
Solyc07g009435.1.1	9.000
Solyc07g009440.2.1	29.379
Solyc07g009443.1.1	91.319
Solyc07g009500.3.1	7.163
Solyc07g009510.1.1	7.163
Solyc07g009530.1.1	4.012
Solyc07g014730.3.1	13.873
Solyc07g015870.4.1	45.823
Solyc07g015990.2.1	27.010
Solyc07g016095.1.1	7.678
Solyc07g016113.1.1	9.194
Solyc07g016120.3.1	7.108
Solyc07g016215.1.1	24.508
Solyc07g017230.3.1	68.250
Solyc07g017570.2.1	6.872
Solyc07g017600.3.1	57.145
Solyc07g017880.4.1	33.368
Solyc07g017920.1.1	18.748
Solyc07g017980.1.1	10.523
Solyc07g018145.1.1	5.532
Solyc07g018190.4.1	79.922
Solyc07g018430.3.1	5.965
Solyc07g019500.2.1	16.422
Solyc07g020735.1.1	12.570
Solyc07g020920.1.1	16.485
Solyc07g021020.4.1	68.361
Solyc07g150120.1.1	6.979
Solyc07g021660.2.1	14.207
Solyc07g022800.1.1	4.339
Solyc07g026800.1.1	31.207
Solyc07g026890.1.1	10.427
Solyc07g032220.3.1	15.756
Solyc07g032250.4.1	31.428
Solyc07g150127.1.1	11.222
Solyc07g039340.4.1	107.924
Solyc07g041430.3.1	27.743
Solyc07g041650.3.1	39.506
Solyc07g041720.1.1	19.883
Solyc07g041900.3.1	36.903
Solyc07g042220.2.1	89.530
Solyc07g042300.1.1	18.070
Solyc07g042390.3.1	18.305
Solyc07g042480.3.1	1.200
Solyc07g042820.3.1	17.868
Solyc07g042910.4.1	119.532
Solyc07g042990.1.1	41.791
Solyc07g042995.1.1	16.064
Solyc07g043170.4.1	56.266
Solyc07g043200.2.1	34.320
Solyc07g043230.3.1	33.865
Solyc07g043240.4.1	40.536
Solyc07g043560.4.1	95.909
Solyc07g044870.4.1	40.664
Solyc07g044890.1.1	6.704
Solyc07g045100.1.1	58.031
Solyc07g045300.4.1	37.821
Solyc07g045440.1.1	41.387
Solyc07g047710.3.1	10.686
Solyc07g047740.3.1	33.258
Solyc07g047870.1.1	13.368
Solyc07g047910.2.1	49.125
Solyc07g048050.3.1	41.661
Solyc07g049135.1.1	7.895
Solyc07g049180.3.1	65.255
Solyc07g049190.4.1	22.060
Solyc07g049240.3.1	33.268
Solyc07g049300.3.1	54.214
Solyc07g150139.1.1	7.751
Solyc07g049370.2.1	48.670
Solyc07g049430.3.1	37.052
Solyc07g049440.3.1	36.415
Solyc07g049450.3.1	44.638
Solyc07g049460.3.1	60.427
Solyc07g049540.2.1	24.995
Solyc07g049630.1.1	10.660
Solyc07g049805.1.1	16.540
Solyc07g051850.3.1	52.595
Solyc07g052170.1.1	17.050
Solyc07g052180.1.1	15.227
Solyc07g052210.2.1	1.436
Solyc07g052220.1.1	9.015
Solyc07g052230.3.1	56.801
Solyc07g052240.3.1	57.719
Solyc07g150142.1.1	6.318
Solyc07g052260.3.1	6.306
Solyc07g052390.3.1	98.608
Solyc07g052400.3.1	93.837
Solyc07g052510.4.1	33.559
Solyc07g052530.3.1	33.224
Solyc07g052540.3.1	33.301
Solyc07g052550.2.1	33.530
Solyc07g052660.1.1	25.891
Solyc07g052910.3.1	14.922
Solyc07g052980.3.1	31.437
Solyc07g053000.1.1	36.340
Solyc07g053220.2.1	88.552
Solyc07g053350.4.1	40.479
Solyc07g053360.4.1	56.212
Solyc07g053370.1.1	6.706
Solyc07g053430.4.1	12.415
Solyc07g053460.4.1	36.057
Solyc07g053530.1.1	25.098
Solyc07g053540.1.1	23.755
Solyc07g053600.3.1	106.154
Solyc07g053640.1.1	52.973
Solyc07g053770.2.1	5.003
Solyc07g053840.1.1	37.748
Solyc07g053880.3.1	17.613
Solyc07g054060.3.1	6.267
Solyc07g054170.3.1	25.549
Solyc07g054310.3.1	10.041
Solyc07g054500.4.1	83.899
Solyc07g054635.1.1	6.376
Solyc07g054650.1.1	48.773
Solyc07g054710.2.1	7.363
Solyc07g054720.2.1	5.580
Solyc07g054850.3.1	31.394
Solyc07g055190.3.1	31.205
Solyc07g055580.3.1	31.873
Solyc07g055690.1.1	46.493
Solyc07g055740.1.1	36.685
Solyc07g055780.3.1	38.142
Solyc07g055810.3.1	110.396
Solyc07g055950.3.1	23.576
Solyc07g055990.3.1	30.335
Solyc07g056000.2.1	30.458
Solyc07g056050.1.1	71.766
Solyc07g056170.4.1	79.985
Solyc07g056230.3.1	25.511
Solyc07g056290.2.1	41.584
Solyc07g056310.3.1	22.784
Solyc07g056410.3.1	119.030
Solyc07g056610.2.1	41.265
Solyc07g056704.1.1	43.453
Solyc07g056705.1.1	25.975
Solyc07g061790.3.1	22.890
Solyc07g061800.4.1	22.810
Solyc07g062010.1.1	10.386
Solyc07g062020.2.1	9.886
Solyc07g062090.3.1	54.171
Solyc07g062210.4.1	41.990
Solyc07g062270.3.1	35.382
Solyc07g062280.3.1	34.808
Solyc07g062300.3.1	49.934
Solyc07g062330.2.1	4.762
Solyc07g062340.1.1	6.349
Solyc07g062350.2.1	10.218
Solyc07g062360.1.1	21.012
Solyc07g062370.1.1	30.567
Solyc07g062480.2.1	19.096
Solyc07g062490.1.1	31.206
Solyc07g062560.3.1	16.512
Solyc07g062670.1.1	6.806
Solyc07g062700.3.1	60.742
Solyc07g063000.4.1	108.919
Solyc07g063020.3.1	96.144
Solyc07g063030.3.1	11.960
Solyc07g063210.3.1	25.313
Solyc07g063340.3.1	17.734
Solyc07g063370.2.1	57.419
Solyc07g063390.3.1	58.553
Solyc07g063700.2.1	88.051
Solyc07g063710.2.1	88.827
Solyc07g063720.1.1	87.746
Solyc07g063730.3.1	87.826
Solyc07g063750.3.1	88.854
Solyc07g063770.3.1	90.796
Solyc07g063780.2.1	84.222
Solyc07g063800.2.1	89.889
Solyc07g063820.3.1	90.640
Solyc07g063860.4.1	14.701
Solyc07g063880.4.1	56.002
Solyc07g064200.4.1	66.245
Solyc07g064210.2.1	13.952
Solyc07g064420.3.1	56.948
Solyc07g064440.3.1	57.153
Solyc07g064500.3.1	46.417
Solyc07g064720.3.1	38.795
Solyc07g064730.2.1	37.543
Solyc07g064770.2.1	20.310
Solyc07g064780.2.1	20.455
Solyc07g064790.4.1	15.897
Solyc07g065010.4.1	51.221
Solyc07g065090.2.1	34.326
Solyc07g065110.1.1	8.431
Solyc07g065120.3.1	79.747
Solyc07g065240.3.1	54.441
Solyc07g065350.2.1	37.160
Solyc07g065360.2.1	37.034
Solyc07g065380.4.1	35.275
Solyc07g065530.1.1	16.735
Solyc07g065540.1.1	41.108
Solyc07g065610.1.1	72.241
Solyc07g065650.2.1	21.817
Solyc07g065860.3.1	115.685
Solyc07g066100.3.1	15.457
Solyc07g066360.1.1	6.041
Solyc07g066380.4.1	1.016
Solyc08g005000.4.1	44.520
Solyc08g005380.2.1	14.366
Solyc08g005620.3.1	6.952
Solyc08g005650.3.1	55.615
Solyc08g005790.3.1	40.906
Solyc08g005800.4.1	40.604
Solyc08g005810.1.1	40.385
Solyc08g005820.1.1	45.502
Solyc08g005830.1.1	45.721
Solyc08g005840.1.1	45.228
Solyc08g005940.1.1	48.233
Solyc08g005960.2.1	11.396
Solyc08g006000.3.1	18.116
Solyc08g006030.4.1	46.652
Solyc08g006295.1.1	24.395
Solyc08g006487.1.1	39.554
Solyc08g006690.1.1	18.729
Solyc08g006790.4.1	17.261
Solyc08g006810.1.1	34.106
Solyc08g006850.4.1	39.037
Solyc08g006860.3.1	39.431
Solyc08g007150.1.1	33.064
Solyc08g007450.1.1	20.188
Solyc08g007460.3.1	12.954
Solyc08g007620.2.1	83.745
Solyc08g007670.1.1	77.223
Solyc08g007680.1.1	78.091
Solyc08g007690.1.1	77.184
Solyc08g007700.1.1	76.930
Solyc08g007780.3.1	10.379
Solyc08g008290.3.1	31.136
Solyc08g014010.4.1	54.796
Solyc08g014245.1.1	32.038
Solyc08g014380.3.1	41.054
Solyc08g014430.3.1	83.435
Solyc08g014540.1.1	39.949
Solyc08g014560.3.1	40.078
Solyc08g016100.1.1	17.260
Solyc08g016110.1.1	17.417
Solyc08g016120.1.1	17.261
Solyc08g016270.3.1	95.438
Solyc08g016730.1.1	5.949
Solyc08g016770.4.1	49.976
Solyc08g036590.1.1	24.306
Solyc08g036507.1.1	1.934
Solyc08g036410.1.1	4.912
Solyc08g048350.1.1	2.373
Solyc08g044510.4.1	55.234
Solyc08g044390.1.1	56.398
Solyc08g044340.1.1	5.263
Solyc08g041980.3.1	19.757
Solyc08g041800.4.1	15.660
Solyc08g041710.3.1	56.644
Solyc08g023590.4.1	38.769
Solyc08g021960.3.1	40.667
Solyc08g029400.3.1	23.526
Solyc08g029070.2.1	15.384
Solyc08g059730.1.1	85.933
Solyc08g060945.1.1	7.906
Solyc08g060970.4.1	40.702
Solyc08g060973.1.1	7.797
Solyc08g060977.1.1	8.766
Solyc08g061060.3.1	11.637
Solyc08g061920.3.1	56.567
Solyc08g062760.1.1	16.775
Solyc08g062960.4.1	38.328
Solyc08g063020.1.1	5.724
Solyc08g065530.3.1	47.564
Solyc08g065547.1.1	49.446
Solyc08g065590.3.1	45.988
Solyc08g065600.1.1	43.777
Solyc08g065610.3.1	50.831
Solyc08g065690.1.1	48.535
Solyc08g065710.2.1	51.107
Solyc08g065740.3.1	46.702
Solyc08g065750.1.1	46.785
Solyc08g065780.2.1	48.373
Solyc08g065790.3.1	49.476
Solyc08g065850.1.1	3.615
Solyc08g065980.3.1	153.050
Solyc08g066030.3.1	19.699
Solyc08g066320.4.1	75.205
Solyc08g066490.3.1	102.033
Solyc08g066530.4.1	28.107
Solyc08g066590.3.1	51.421
Solyc08g066610.3.1	8.810
Solyc08g066750.3.1	48.715
Solyc08g066890.4.1	36.432
Solyc08g066980.4.1	17.347
Solyc08g067030.3.1	38.358
Solyc08g067100.2.1	49.142
Solyc08g067390.4.1	12.080
Solyc08g067500.1.1	9.734
Solyc08g067510.1.1	9.637
Solyc08g067520.1.1	10.812
Solyc08g067530.1.1	9.547
Solyc08g067540.1.1	10.072
Solyc08g067550.1.1	10.197
Solyc08g067640.1.1	5.573
Solyc08g067790.4.1	115.038
Solyc08g067793.1.1	10.441
Solyc08g067860.2.1	133.985
Solyc08g067940.3.1	9.131
Solyc08g068030.1.1	14.331
Solyc08g068140.4.1	54.828
Solyc08g068150.4.1	37.197
Solyc08g068290.3.1	48.843
Solyc08g068420.3.1	62.528
Solyc08g068860.3.1	45.023
Solyc08g068870.3.1	45.916
Solyc08g068990.2.1	17.810
Solyc08g069040.3.1	33.955
Solyc08g069170.3.1	69.939
Solyc08g074260.3.1	54.432
Solyc08g074290.3.1	48.459
Solyc08g074390.3.1	50.023
Solyc08g074480.1.1	10.957
Solyc08g074510.1.1	18.528
Solyc08g150140.1.1	12.939
Solyc08g074760.3.1	61.312
Solyc08g074870.3.1	43.299
Solyc08g074917.1.1	55.787
Solyc08g074970.1.1	50.091
Solyc08g074990.3.1	36.440
Solyc08g075030.3.1	40.719
Solyc08g075043.1.1	13.771
Solyc08g075050.3.1	44.488
Solyc08g075320.4.1	49.765
Solyc08g150143.1.1	5.879
Solyc08g150144.1.1	5.771
Solyc08g075490.4.1	65.700
Solyc08g075590.2.1	118.400
Solyc08g075593.1.1	106.741
Solyc08g075830.4.1	32.661
Solyc08g076050.4.1	81.105
Solyc08g076060.3.1	85.148
Solyc08g076080.3.1	39.315
Solyc08g076170.1.1	6.529
Solyc08g076620.1.1	46.367
Solyc08g076640.1.1	46.221
Solyc08g076883.1.1	20.693
Solyc08g077330.3.1	25.396
Solyc08g077430.3.1	152.913
Solyc08g077740.1.1	104.338
Solyc08g077840.3.1	31.453
Solyc08g077860.4.1	83.445
Solyc08g077900.3.1	25.377
Solyc08g077910.3.1	25.198
Solyc08g078020.1.1	12.860
Solyc08g078230.4.1	114.312
Solyc08g078250.4.1	36.759
Solyc08g078260.1.1	30.392
Solyc08g078550.1.1	37.251
Solyc08g078650.3.1	50.930
Solyc08g078670.2.1	44.342
Solyc08g078840.3.1	14.847
Solyc08g078870.3.1	12.790
Solyc08g078890.3.1	26.599
Solyc08g078900.1.1	11.550
Solyc08g078910.1.1	11.283
Solyc08g078920.2.1	12.013
Solyc08g078930.1.1	11.870
Solyc08g078940.1.1	11.634
Solyc08g079040.1.1	48.121
Solyc08g079090.4.1	63.503
Solyc08g079160.3.1	53.134
Solyc08g079200.1.1	11.523
Solyc08g079230.1.1	11.842
Solyc08g079430.3.1	78.189
Solyc08g079460.3.1	71.708
Solyc08g079740.3.1	92.882
Solyc08g079780.2.1	15.920
Solyc08g079850.3.1	76.267
Solyc08g079860.2.1	75.782
Solyc08g079870.3.1	76.362
Solyc08g079880.2.1	77.482
Solyc08g079890.2.1	76.556
Solyc08g079900.3.1	76.869
Solyc08g079910.2.1	77.075
Solyc08g079920.2.1	76.332
Solyc08g079930.2.1	76.303
Solyc08g079940.1.1	19.140
Solyc08g079970.2.1	101.781
Solyc08g079980.1.1	79.213
Solyc08g080010.1.1	75.830
Solyc08g080020.1.1	9.240
Solyc08g080060.4.1	26.421
Solyc08g080070.1.1	31.963
Solyc08g080450.3.1	65.572
Solyc08g080480.3.1	15.487
Solyc08g080490.3.1	14.219
Solyc08g080590.3.1	15.409
Solyc08g080620.1.1	22.152
Solyc08g080630.4.1	10.234
Solyc08g080640.2.1	24.224
Solyc08g080650.3.1	24.211
Solyc08g080660.1.1	25.080
Solyc08g080670.1.1	25.069
Solyc08g080700.3.1	42.459
Solyc08g080710.3.1	39.227
Solyc08g080790.1.1	43.755
Solyc08g080800.1.1	35.949
Solyc08g080810.3.1	42.623
Solyc08g080820.1.1	43.237
Solyc08g080830.3.1	70.084
Solyc08g080950.1.1	12.337
Solyc08g081150.4.1	58.834
Solyc08g081180.3.1	57.379
Solyc08g081220.1.1	59.804
Solyc08g081480.3.1	49.356
Solyc08g081720.4.1	54.031
Solyc08g081780.1.1	18.812
Solyc08g081790.3.1	18.330
Solyc08g081800.1.1	14.605
Solyc08g081940.3.1	67.483
Solyc08g081970.3.1	3.918
Solyc08g082170.4.1	48.180
Solyc08g082230.3.1	22.080
Solyc08g082250.3.1	66.767
Solyc08g082310.3.1	40.488
Solyc08g082490.3.1	29.201
Solyc08g082560.3.1	29.780
Solyc08g082780.2.1	6.260
Solyc08g082790.3.1	6.074
Solyc08g082820.4.1	53.658
Solyc08g082860.4.1	63.294
Solyc08g083210.3.1	51.090
Solyc08g083250.4.1	66.800
Solyc08g083310.3.1	42.649
Solyc09g005000.1.1	71.770
Solyc09g005080.1.1	124.449
Solyc09g005090.1.1	114.617
Solyc09g005120.3.1	59.958
Solyc09g005180.4.1	62.002
Solyc09g005200.3.1	14.618
Solyc09g005780.3.1	6.894
Solyc09g005950.3.1	18.246
Solyc09g006005.1.1	15.129
Solyc09g007010.1.1	14.816
Solyc09g007020.1.1	14.927
Solyc09g007110.3.1	103.926
Solyc09g007280.4.1	100.098
Solyc09g007480.3.1	6.728
Solyc09g007520.3.1	34.097
Solyc09g007640.4.1	53.755
Solyc09g007650.3.1	24.199
Solyc09g007660.1.1	23.756
Solyc09g007750.4.1	52.864
Solyc09g007980.1.1	7.643
Solyc09g008000.3.1	117.740
Solyc09g008420.3.1	29.539
Solyc09g008500.3.1	9.430
Solyc09g008590.4.1	16.987
Solyc09g008600.3.1	50.284
Solyc09g008610.4.1	107.284
Solyc09g008640.1.1	66.915
Solyc09g008690.3.1	24.210
Solyc09g008860.4.1	71.975
Solyc09g098620.2.1	56.922
Solyc09g009150.1.1	52.433
Solyc09g009530.4.1	37.671
Solyc09g009550.4.1	37.403
Solyc09g009600.3.1	47.804
Solyc09g009610.3.1	45.295
Solyc09g009700.4.1	40.547
Solyc09g009725.1.1	5.319
Solyc09g009730.1.1	5.333
Solyc09g009732.1.1	5.390
Solyc09g009738.1.1	4.290
Solyc09g009750.3.1	77.928
Solyc09g009830.3.1	27.582
Solyc09g010090.5.1.1	65.269
Solyc09g010210.3.1	51.502
Solyc09g010220.4.1	54.194
Solyc09g010260.4.1	16.558
Solyc09g010770.3.1	54.164
Solyc09g010990.3.1	61.055
Solyc09g010995.1.1	61.136
Solyc09g011040.1.1	45.284
Solyc09g150105.1.1	61.159
Solyc09g011070.1.1	73.257
Solyc09g011100.1.1	14.633
Solyc09g011200.2.1	68.790
Solyc09g011223.1.1	9.518
Solyc09g011280.1.1	17.069
Solyc09g011290.1.1	18.683
Solyc09g011330.3.1	88.087
Solyc09g011430.1.1	13.119
Solyc09g011790.3.1	16.317
Solyc09g011800.3.1	16.234
Solyc09g011840.1.1	36.999
Solyc09g011960.2.1	61.309
Solyc09g011970.3.1	61.459
Solyc09g011990.1.1	72.015
Solyc09g012000.1.1	72.034
Solyc09g013130.3.1	96.235
Solyc09g014310.3.1	32.615
Solyc09g014480.3.1	35.221
Solyc09g014590.3.1	33.577
Solyc09g014710.4.1	84.250
Solyc09g014720.3.1	85.434
Solyc09g014730.3.1	81.570
Solyc09g014740.3.1	83.965
Solyc09g014970.4.1	29.067
Solyc09g015110.2.1	22.565
Solyc09g015200.1.1	4.422
Solyc09g015227.1.1	14.678
Solyc09g015240.1.1	83.130
Solyc09g015500.1.1	7.309
Solyc09g015520.3.1	102.917
Solyc09g015530.3.1	46.759
Solyc09g015670.3.1	67.041
Solyc09g017980.2.1	20.830
Solyc09g018010.3.1	9.302
Solyc09g018020.3.1	25.384
Solyc09g018233.1.1	19.368
Solyc09g018260.2.1	9.130
Solyc09g018590.1.1	23.739
Solyc09g018610.1.1	2.532
Solyc09g019980.3.1	37.945
Solyc09g020110.3.1	26.852
Solyc09g020190.3.1	57.903
Solyc09g042720.1.1	6.679
Solyc09g042727.1.1	9.278
Solyc09g042750.3.1	51.787
Solyc09g031880.3.1	39.446
Solyc09g030450.3.1	65.960
Solyc09g030370.3.1	37.296
Solyc09g030375.1.1	8.263
Solyc09g050070.1.1	30.698
Solyc09g055180.4.1	102.711
Solyc09g055570.3.1	99.764
Solyc09g055930.3.1	63.081
Solyc09g056280.2.1	10.339
Solyc09g056360.3.1	39.639
Solyc09g056393.1.1	14.728
Solyc09g057630.3.1	48.913
Solyc09g057670.3.1	13.397
Solyc09g057680.3.1	99.522
Solyc09g057960.1.1	27.154
Solyc09g059610.3.1	26.658
Solyc09g059960.3.1	71.977
Solyc09g060110.4.1	98.303
Solyc09g061890.3.1	45.569
Solyc09g061940.3.1	119.783
Solyc09g063060.3.1	37.283
Solyc09g064270.3.1	83.326
Solyc09g064520.3.1	108.349
Solyc09g064750.2.1	8.141
Solyc09g064900.1.1	14.624
Solyc09g065000.4.1	43.420
Solyc09g065040.1.1	12.717
Solyc09g065250.2.1	18.486
Solyc09g065260.2.1	17.908
Solyc09g065360.4.1	14.419
Solyc09g065410.4.1	14.150
Solyc09g065420.3.1	14.526
Solyc09g065430.4.1	15.691
Solyc09g065440.4.1	22.831
Solyc09g065810.3.1	66.337
Solyc09g065930.4.1	16.918
Solyc09g066160.1.1	9.120
Solyc09g066190.1.1	9.467
Solyc09g066200.1.1	8.733
Solyc09g066260.4.1	26.173
Solyc09g066370.1.1	55.610
Solyc09g066400.2.1	55.210
Solyc09g025220.2.1	45.986
Solyc09g025210.3.1	51.056
Solyc09g025200.2.1	5.742
Solyc09g072630.3.1	44.784
Solyc09g072660.4.1	59.290
Solyc09g072700.4.1	32.413
Solyc09g072710.4.1	63.975
Solyc09g072750.2.1	9.590
Solyc09g072753.1.1	16.485
Solyc09g072770.1.1	17.657
Solyc09g072810.3.1	130.513
Solyc09g074080.3.1	37.927
Solyc09g074240.1.1	67.706
Solyc09g074260.1.1	40.766
Solyc09g074440.3.1	5.108
Solyc09g074450.1.1	10.994
Solyc09g074710.2.1	20.302
Solyc09g074890.1.1	9.856
Solyc09g075070.3.1	56.150
Solyc09g075220.1.1	16.306
Solyc09g075230.1.1	16.570
Solyc09g075330.4.1	59.288
Solyc09g075540.1.1	68.767
Solyc09g075560.1.1	39.044
Solyc09g075580.1.1	14.430
Solyc09g075590.1.1	14.324
Solyc09g075730.3.1	53.747
Solyc09g075810.3.1	16.428
Solyc09g075880.3.1	5.619
Solyc09g075910.1.1	85.561
Solyc09g075920.1.1	85.790
Solyc09g075930.2.1	70.133
Solyc09g075940.3.1	70.031
Solyc09g082270.4.1	14.321
Solyc09g082280.3.1	14.413
Solyc09g082290.3.1	19.744
Solyc09g082300.3.1	20.802
Solyc09g082310.2.1	23.053
Solyc09g082330.2.1	44.827
Solyc09g082340.2.1	63.310
Solyc09g082360.4.1	21.965
Solyc09g082480.2.1	14.906
Solyc09g082530.3.1	41.272
Solyc09g082570.3.1	20.127
Solyc09g082610.1.1	16.569
Solyc09g082620.3.1	8.697
Solyc09g082760.3.1	53.411
Solyc09g082770.3.1	21.527
Solyc09g082840.1.1	12.851
Solyc09g082845.2.1	12.808
Solyc09g082850.1.1	2.843
Solyc09g082855.1.1	17.344
Solyc09g083003.1.1	20.782
Solyc09g083090.4.1	44.363
Solyc09g083160.3.1	5.531
Solyc09g083163.1.1	5.421
Solyc09g083170.3.1	5.680
Solyc09g083180.3.1	15.381
Solyc09g083200.4.1	39.717
Solyc09g083210.3.1	66.749
Solyc09g083410.4.1	47.882
Solyc09g083435.1.1	7.596
Solyc09g084440.2.1	12.452
Solyc09g084450.3.1	9.907
Solyc09g084460.3.1	10.077
Solyc09g084470.3.1	9.956
Solyc09g084480.3.1	9.884
Solyc09g089490.4.1	11.577
Solyc09g089500.3.1	9.969
Solyc09g089520.4.1	10.064
Solyc09g089530.3.1	10.104
Solyc09g089540.4.1	9.739
Solyc09g089610.3.1	82.475
Solyc09g089670.3.1	15.115
Solyc09g089950.1.1	8.115
Solyc09g089960.1.1	19.824
Solyc09g089970.1.1	10.906
Solyc09g089990.3.1	21.714
Solyc09g090000.1.1	21.878
Solyc09g090005.1.1	28.052
Solyc09g090020.4.1	28.398
Solyc09g090040.3.1	22.692
Solyc09g090385.1.1	35.781
Solyc09g090490.3.1	68.219
Solyc09g090510.3.1	96.181
Solyc09g090600.3.1	27.067
Solyc09g091260.3.1	118.618
Solyc09g091290.1.1	14.798
Solyc09g091300.1.1	14.956
Solyc09g091310.1.1	15.466
Solyc09g091320.1.1	14.773
Solyc09g091330.1.1	15.301
Solyc09g091340.1.1	15.004
Solyc09g091350.1.1	13.506
Solyc09g091360.1.1	15.053
Solyc09g091380.1.1	10.460
Solyc09g091390.3.1	9.671
Solyc09g091400.4.1	118.820
Solyc09g091810.1.1	6.262
Solyc09g091910.2.1	60.184
Solyc09g091920.3.1	17.769
Solyc09g091970.4.1	38.572
Solyc09g092145.1.1	7.268
Solyc09g092170.3.1	18.172
Solyc09g092350.1.1	20.298
Solyc09g092370.1.1	14.568
Solyc09g092400.2.1	46.940
Solyc09g092520.3.1	29.364
Solyc09g092560.4.1	48.582
Solyc09g092600.3.1	54.268
Solyc09g092620.3.1	54.621
Solyc09g092640.3.1	54.083
Solyc09g092670.3.1	54.240
Solyc09g092700.3.1	9.287
Solyc09g092725.1.1	19.902
Solyc09g092750.3.1	5.061
Solyc09g092760.2.1	10.677
Solyc09g092763.1.1	23.782
Solyc09g092765.1.1	30.451
Solyc09g092767.1.1	30.451
Solyc09g097760.3.1	17.138
Solyc09g097770.3.1	7.294
Solyc09g097780.2.1	13.703
Solyc09g082810.3.1	12.279
Solyc09g097810.3.1	7.096
Solyc09g097850.1.1	11.873
Solyc09g097890.2.1	41.478
Solyc09g097940.1.1	9.207
Solyc09g098000.4.1	38.473
Solyc09g098770.2.1	54.062
Solyc09g098030.4.1	53.727
Solyc09g098080.4.1	52.054
Solyc09g098190.3.1	19.844
Solyc09g098290.3.1	107.941
Solyc09g098340.3.1	50.248
Solyc09g098400.3.1	13.613
Solyc09g098420.3.1	135.146
Solyc09g098470.3.1	41.158
Solyc09g098480.1.1	20.057
Solyc09g098540.3.1	33.159
Solyc10g005140.1.1	68.166
Solyc10g005350.3.1	31.636
Solyc10g005960.1.1	41.363
Solyc10g005970.1.1	38.136
Solyc10g006300.4.1	46.845
Solyc10g006450.3.1	70.865
Solyc10g006540.4.1	99.430
Solyc10g006590.3.1	15.507
Solyc10g006720.4.1	88.567
Solyc10g006870.1.1	88.815
Solyc10g006940.1.1	14.173
Solyc10g007070.4.1	25.650
Solyc10g007330.1.1	63.264
Solyc10g007450.2.1	37.821
Solyc10g007510.2.1	10.056
Solyc10g007800.3.1	39.079
Solyc10g007830.1.1	46.771
Solyc10g007850.3.1	39.984
Solyc10g007870.3.1	10.376
Solyc10g008030.4.1	38.304
Solyc10g008100.3.1	19.750
Solyc10g008360.2.1	16.728
Solyc10g008440.3.1	25.823
Solyc10g150103.1.1	15.382
Solyc10g008710.3.1	39.371
Solyc10g008720.4.1	22.400
Solyc10g008800.4.1	62.193
Solyc10g008820.4.1	37.709
Solyc10g008830.2.1	39.789
Solyc10g008900.3.1	19.031
Solyc10g009150.3.1	19.340
Solyc10g009190.1.1	10.310
Solyc10g009410.1.1	47.186
Solyc10g009480.4.1	51.294
Solyc10g011730.3.1	4.992
Solyc10g012110.3.1	9.852
Solyc10g012120.1.1	9.791
Solyc10g012130.1.1	10.102
Solyc10g012270.2.1	12.644
Solyc10g012320.3.1	13.584
Solyc10g012430.3.1	56.869
Solyc10g017510.3.1	54.651
Solyc10g017970.1.1	4.029
Solyc10g017980.1.1	4.029
Solyc10g018320.1.1	20.674
Solyc10g018330.3.1	22.498
Solyc10g018500.1.1	24.943
Solyc10g018760.1.1	21.113
Solyc10g018930.1.1	3.662
Solyc10g037880.3.1	15.003
Solyc10g039197.2.1	10.269
Solyc10g061887.1.1	35.351
Solyc10g044480.2.1	64.365
Solyc10g044740.2.1	67.361
Solyc10g045240.2.1	55.783
Solyc10g045600.2.1	55.532
Solyc10g045640.2.1	20.831
Solyc10g046840.1.1	12.722
Solyc10g047110.2.1	29.120
Solyc10g047140.2.1	65.465
Solyc10g047570.2.1	39.600
Solyc10g047590.3.1	39.855
Solyc10g047680.3.1	55.801
Solyc10g047810.3.1	76.300
Solyc10g048040.1.1	9.048
Solyc10g048080.3.1	7.617
Solyc10g049210.3.1	50.831
Solyc10g049270.2.1	50.996
Solyc10g049370.2.1	36.358
Solyc10g049380.1.1	37.006
Solyc10g049450.2.1	10.252
Solyc10g049580.2.1	21.545
Solyc10g049910.2.1	8.256
Solyc10g049970.2.1	27.009
Solyc10g050110.1.1	46.409
Solyc10g050450.2.1	23.996
Solyc10g050470.3.1	72.621
Solyc10g050690.2.1	17.350
Solyc10g050730.2.1	17.652
Solyc10g050750.3.1	41.970
Solyc10g050910.1.1	4.691
Solyc10g051090.3.1	92.228
Solyc10g051370.3.1	23.986
Solyc10g052450.1.1	4.353
Solyc10g052880.1.1	49.391
Solyc10g054050.3.1	84.281
Solyc10g054090.2.1	8.638
Solyc10g054530.1.1	25.203
Solyc10g054670.3.1	0.604
Solyc10g054880.3.1	25.187
Solyc10g054900.2.1	22.655
Solyc10g055190.1.1	18.587
Solyc10g055193.1.1	18.309
Solyc10g055197.1.1	18.591
Solyc10g055200.1.1	18.140
Solyc10g055230.1.1	18.019
Solyc10g055370.2.1	61.406
Solyc10g055470.2.1	91.088
Solyc10g055593.1.1	30.361
Solyc10g055685.1.1	64.570
Solyc10g055790.1.1	5.683
Solyc10g055800.2.1	33.249
Solyc10g055810.2.1	31.903
Solyc10g055820.3.1	32.397
Solyc10g074390.1.1	20.224
Solyc10g074400.3.1	14.998
Solyc10g074440.2.1	31.869
Solyc10g074443.1.1	5.694
Solyc10g074447.1.1	6.180
Solyc10g074460.3.1	17.465
Solyc10g074540.1.1	35.417
Solyc10g074750.1.1	0.488
Solyc10g074820.1.1	31.570
Solyc10g074890.2.1	102.986
Solyc10g074900.2.1	103.281
Solyc10g074920.2.1	47.134
Solyc10g074970.1.1	56.119
Solyc10g074980.2.1	66.883
Solyc10g075010.2.1	39.549
Solyc10g075050.2.1	10.106
Solyc10g075060.2.1	8.628
Solyc10g075070.3.1	14.939
Solyc10g075090.3.1	9.582
Solyc10g075100.2.1	9.309
Solyc10g075103.1.1	9.582
Solyc10g075107.1.1	9.309
Solyc10g075110.2.1	11.664
Solyc10g075116.1.1	18.690
Solyc10g075118.1.1	9.471
Solyc10g075150.2.1	11.099
Solyc10g076190.2.1	32.317
Solyc10g076200.3.1	13.686
Solyc10g076210.2.1	32.428
Solyc10g076220.3.1	32.385
Solyc10g076240.3.1	32.592
Solyc10g076245.1.1	32.149
Solyc10g076550.1.1	43.461
Solyc10g076730.1.1	19.983
Solyc10g076830.2.1	58.575
Solyc10g077080.3.1	71.026
Solyc10g078220.2.1	55.076
Solyc10g078510.3.1	50.506
Solyc10g078580.1.1	3.210
Solyc10g078840.1.1	20.363
Solyc10g078850.1.1	20.149
Solyc10g078890.2.1	33.326
Solyc10g079155.1.1	4.975
Solyc10g079170.2.1	94.891
Solyc10g079270.3.1	26.783
Solyc10g079610.2.1	38.386
Solyc10g079640.2.1	50.162
Solyc10g079860.2.1	34.729
Solyc10g079870.3.1	53.018
Solyc10g080190.1.1	5.857
Solyc10g080210.2.1	47.390
Solyc10g080270.1.1	6.102
Solyc10g080360.1.1	3.855
Solyc10g080370.1.1	3.838
Solyc10g080380.1.1	4.759
Solyc10g081120.3.1	71.383
Solyc10g081190.2.1	21.288
Solyc10g081390.1.1	6.044
Solyc10g081420.2.1	83.569
Solyc10g081520.1.1	29.186
Solyc10g081720.2.1	46.500
Solyc10g081800.2.1	14.600
Solyc10g081810.3.1	14.350
Solyc10g081820.3.1	24.381
Solyc10g081910.2.1	99.929
Solyc10g082040.2.1	20.169
Solyc10g083290.4.1	62.492
Solyc10g083300.2.1	63.274
Solyc10g083410.1.1	8.328
Solyc10g083440.2.1	47.568
Solyc10g083580.2.1	7.872
Solyc10g083750.3.1	51.601
Solyc10g083890.2.1	28.512
Solyc10g084200.2.1	37.545
Solyc10g084240.3.1	33.902
Solyc10g084250.1.1	75.258
Solyc10g150149.1.1	7.977
Solyc10g084320.3.1	80.672
Solyc10g084500.1.1	23.017
Solyc10g084530.1.1	7.705
Solyc10g084840.2.1	23.550
Solyc10g084860.1.1	71.973
Solyc10g085010.3.1	17.157
Solyc10g085090.3.1	58.888
Solyc10g085110.3.1	54.618
Solyc10g085360.3.1	62.265
Solyc10g085510.3.1	34.136
Solyc10g085530.1.1	76.335
Solyc10g085540.1.1	75.706
Solyc10g085560.3.1	20.190
Solyc10g085640.1.1	60.861
Solyc10g085650.2.1	63.380
Solyc10g085670.2.1	103.895
Solyc10g085740.2.1	36.320
Solyc10g085770.1.1	20.331
Solyc10g085960.2.1	26.738
Solyc10g086020.3.1	17.410
Solyc10g086090.2.1	8.137
Solyc10g086100.2.1	8.126
Solyc10g086520.2.1	25.749
Solyc10g086610.1.1	9.746
Solyc10g086650.1.1	56.381
Solyc10g086710.3.1	16.233
Solyc11g005080.1.1	72.742
Solyc11g005470.1.1	17.203
Solyc11g005480.2.1	21.853
Solyc11g005490.1.1	28.500
Solyc11g005500.1.1	11.508
Solyc11g005540.1.1	12.154
Solyc11g005630.1.1	85.062
Solyc11g005750.2.1	55.875
Solyc11g005820.1.1	18.469
Solyc11g005890.3.1	30.466
Solyc11g006040.2.1	99.334
Solyc11g006180.2.1	83.357
Solyc11g006240.2.1	10.198
Solyc11g006250.2.1	37.273
Solyc11g006260.2.1	5.216
Solyc11g006310.2.1	67.670
Solyc11g006440.1.1	13.380
Solyc11g006590.2.1	54.235
Solyc11g006730.1.1	19.631
Solyc11g006850.3.1	11.268
Solyc11g006890.2.1	10.428
Solyc11g006950.3.1	5.391
Solyc11g006980.1.1	20.904
Solyc11g006990.2.1	41.578
Solyc11g007050.1.1	8.178
Solyc11g007130.2.1	44.948
Solyc11g007210.3.1	33.776
Solyc11g007220.2.1	33.765
Solyc11g007410.3.1	64.786
Solyc11g007430.3.1	64.674
Solyc11g007590.3.1	19.302
Solyc11g007730.2.1	34.569
Solyc11g008140.3.1	47.461
Solyc11g008223.1.1	7.552
Solyc11g008227.1.1	3.841
Solyc11g008245.1.1	6.790
Solyc11g008260.2.1	39.369
Solyc11g008280.3.1	53.770
Solyc11g008570.2.1	76.930
Solyc11g008810.2.1	56.906
Solyc11g008860.3.1	59.512
Solyc11g008890.2.1	28.797
Solyc11g008910.2.1	9.532
Solyc11g008950.1.1	5.620
Solyc11g008960.3.1	65.806
Solyc11g010120.2.1	35.461
Solyc11g010180.2.1	20.867
Solyc11g010350.2.1	57.145
Solyc11g010390.1.1	10.906
Solyc11g010520.1.1	8.349
Solyc11g010530.2.1	6.094
Solyc11g010600.2.1	50.587
Solyc11g011000.2.1	27.755
Solyc11g011020.2.1	66.419
Solyc11g011110.3.1	38.356
Solyc11g011180.3.1	108.739
Solyc11g011190.1.1	37.310
Solyc11g011200.2.1	36.323
Solyc11g011210.2.1	7.677
Solyc11g011290.3.1	68.969
Solyc11g011320.1.1	73.432
Solyc11g011440.1.1	45.503
Solyc11g011480.2.1	70.286
Solyc11g011880.2.1	67.923
Solyc11g011910.2.1	65.120
Solyc11g012130.2.1	16.344
Solyc11g012350.1.1	3.743
Solyc11g012370.1.1	12.743
Solyc11g012380.1.1	14.088
Solyc11g012420.2.1	43.136
Solyc11g012580.2.1	10.394
Solyc11g012645.1.1	13.728
Solyc11g012705.2.1	15.874
Solyc11g012870.2.1	40.957
Solyc11g012970.2.1	47.634
Solyc11g013000.2.1	21.371
Solyc11g013300.2.1	28.077
Solyc11g013353.1.1	15.717
Solyc11g013860.1.1	13.843
Solyc11g013880.1.1	89.401
Solyc11g017270.2.1	100.624
Solyc11g017305.1.1	12.856
Solyc11g017440.3.1	9.248
Solyc11g017450.2.1	34.882
Solyc11g018470.3.1	18.024
Solyc11g018570.1.1	10.676
Solyc11g018590.1.1	9.252
Solyc11g018625.1.1	5.731
Solyc11g018772.1.1	31.857
Solyc11g018774.1.1	31.546
Solyc11g018800.3.1	31.522
Solyc11g018805.1.1	31.857
Solyc11g019910.1.1	18.069
Solyc11g019920.2.1	46.549
Solyc11g019930.2.1	45.763
Solyc11g020015.1.1	13.685
Solyc11g020130.3.1	15.098
Solyc11g020230.1.1	81.945
Solyc11g020280.2.1	102.801
Solyc11g020330.1.1	18.901
Solyc11g020530.3.1	15.945
Solyc11g020960.2.1	12.774
Solyc11g020990.3.1	36.501
Solyc11g021040.3.1	21.338
Solyc11g021060.2.1	21.836
Solyc11g021110.3.1	16.402
Solyc11g022530.3.1	43.910
Solyc11g022540.3.1	63.985
Solyc11g022590.1.1	23.070
Solyc11g051020.3.1	28.595
Solyc11g051060.2.1	37.989
Solyc11g028040.2.1	8.955
Solyc11g028070.2.1	8.922
Solyc11g028080.2.1	14.006
Solyc11g030730.2.1	55.115
Solyc11g030820.1.1	14.674
Solyc11g031960.2.1	38.368
Solyc11g032060.3.1	42.603
Solyc11g032090.3.1	52.136
Solyc11g032200.2.1	42.932
Solyc11g045670.3.1	31.186
Solyc11g045330.2.1	46.909
Solyc11g045000.1.1	32.296
Solyc11g044980.1.1	10.213
Solyc11g044940.1.1	94.797
Solyc11g044910.2.1	81.392
Solyc11g044645.1.1	16.741
Solyc11g044280.1.1	30.399
Solyc11g043160.2.1	64.230
Solyc11g043120.2.1	55.747
Solyc11g043110.3.1	37.236
Solyc11g042810.2.1	41.550
Solyc11g040340.3.1	51.707
Solyc11g040330.2.1	59.647
Solyc11g040140.2.1	32.674
Solyc11g039570.3.1	36.084
Solyc11g039540.1.1	14.491
Solyc11g056680.1.1	37.800
Solyc11g061700.2.1	94.489
Solyc11g061755.1.1	28.457
Solyc11g061980.2.1	6.475
Solyc11g062350.2.1	23.003
Solyc11g062420.2.1	6.288
Solyc11g062440.2.1	61.826
Solyc11g064790.2.1	35.142
Solyc11g064920.2.1	55.246
Solyc11g065000.2.1	43.890
Solyc11g065200.1.1	3.614
Solyc11g065220.2.1	53.588
Solyc11g065290.1.1	24.532
Solyc11g065340.2.1	102.608
Solyc11g065600.2.1	31.617
Solyc11g065910.1.1	33.459
Solyc11g066120.3.1	8.403
Solyc11g066130.1.1	24.762
Solyc11g066250.2.1	53.617
Solyc11g066270.3.1	27.894
Solyc11g066290.2.1	40.291
Solyc11g066450.2.1	5.582
Solyc11g066590.2.1	54.492
Solyc11g066600.2.1	54.394
Solyc11g066620.2.1	51.063
Solyc11g066700.2.1	35.809
Solyc11g066880.2.1	8.922
Solyc11g066940.2.1	18.711
Solyc11g067100.2.1	9.373
Solyc11g068440.2.1	40.079
Solyc11g068560.2.1	11.068
Solyc11g068570.1.1	19.251
Solyc11g068580.1.1	19.033
Solyc11g068590.1.1	18.952
Solyc11g068600.1.1	19.211
Solyc11g068670.2.1	57.976
Solyc11g068760.2.1	10.269
Solyc11g069010.2.1	55.798
Solyc11g069250.2.1	23.338
Solyc11g069280.2.1	35.347
Solyc11g069390.1.1	20.685
Solyc11g069400.2.1	61.733
Solyc11g069420.2.1	12.844
Solyc11g069520.2.1	54.535
Solyc11g069590.2.1	66.036
Solyc11g069630.1.1	72.219
Solyc11g069640.2.1	28.601
Solyc11g069690.3.1	11.432
Solyc11g069730.1.1	8.612
Solyc11g069820.3.1	117.506
Solyc11g069860.3.1	11.796
Solyc11g069870.1.1	16.468
Solyc11g069880.1.1	20.234
Solyc11g069960.2.1	68.122
Solyc11g070080.1.1	40.616
Solyc11g070090.1.1	42.064
Solyc11g071310.1.1	48.823
Solyc11g071380.1.1	7.601
Solyc11g071520.2.1	40.064
Solyc11g071550.2.1	52.077
Solyc11g071820.3.1	32.216
Solyc11g071880.3.1	69.512
Solyc11g071900.1.1	13.058
Solyc11g072030.3.1	18.656
Solyc11g072140.3.1	81.792
Solyc11g072230.1.1	42.293
Solyc11g072380.2.1	54.483
Solyc11g072627.1.1	4.104
Solyc11g072760.1.1	31.858
Solyc11g072765.1.1	19.696
Solyc11g072830.1.1	30.912
Solyc11g072910.1.1	89.346
Solyc11g072920.2.1	32.158
Solyc11g073000.1.1	2.397
Solyc11g073040.1.1	7.425
Solyc11g073140.2.1	7.809
Solyc12g005150.2.1	13.352
Solyc12g005290.2.1	89.964
Solyc12g005370.2.1	33.198
Solyc12g005460.2.1	12.161
Solyc12g005465.2.1	17.667
Solyc12g005600.1.1	5.566
Solyc12g005610.3.1	34.969
Solyc12g005690.1.1	11.507
Solyc12g005700.2.1	15.051
Solyc12g005720.1.1	24.780
Solyc12g005787.1.1	32.625
Solyc12g005790.2.1	32.869
Solyc12g005810.1.1	4.585
Solyc12g006007.1.1	4.993
Solyc12g006020.1.1	94.545
Solyc12g006090.1.1	21.773
Solyc12g006110.3.1	40.187
Solyc12g006293.1.1	39.834
Solyc12g006313.1.1	39.834
Solyc12g006840.2.1	88.948
Solyc12g006980.2.1	73.829
Solyc12g007000.3.1	23.338
Solyc12g007250.1.1	30.165
Solyc12g008400.2.1	130.738
Solyc12g008530.2.1	38.986
Solyc12g008580.2.1	51.534
Solyc12g008690.3.1	46.279
Solyc12g008840.2.1	77.889
Solyc12g150101.1.1	11.413
Solyc12g009250.3.1	20.172
Solyc12g009270.1.1	18.794
Solyc12g009420.3.1	41.353
Solyc12g009510.1.1	185.329
Solyc12g009520.2.1	105.447
Solyc12g009650.2.1	24.767
Solyc12g009770.2.1	7.935
Solyc12g009800.3.1	52.851
Solyc12g009850.1.1	9.664
Solyc12g009950.2.1	33.770
Solyc12g010000.3.1	16.775
Solyc12g010250.1.1	7.318
Solyc12g010390.2.1	71.681
Solyc12g010460.2.1	8.317
Solyc12g010550.1.1	9.484
Solyc12g011010.2.1	38.242
Solyc12g011023.1.1	29.927
Solyc12g011030.3.1	29.955
Solyc12g011100.2.1	6.001
Solyc12g011140.3.1	81.075
Solyc12g013600.3.1	184.370
Solyc12g013650.2.1	17.663
Solyc12g013680.3.1	73.317
Solyc12g013770.3.1	42.567
Solyc12g013800.3.1	29.016
Solyc12g013895.1.1	11.184
Solyc12g013900.3.1	32.495
Solyc12g150104.1.1	6.387
Solyc12g014110.2.1	60.456
Solyc12g014240.3.1	15.630
Solyc12g014270.3.1	59.645
Solyc12g014350.3.1	109.791
Solyc12g014360.2.1	38.002
Solyc12g014420.2.1	49.103
Solyc12g014570.2.1	81.037
Solyc12g014580.2.1	7.166
Solyc12g015690.3.1	25.610
Solyc12g015970.3.1	16.451
Solyc12g017240.2.1	30.480
Solyc12g017460.1.1	38.095
Solyc12g017870.2.1	36.948
Solyc12g017880.3.1	46.424
Solyc12g017920.3.1	28.913
Solyc12g019120.2.1	40.049
Solyc12g019130.3.1	39.812
Solyc12g019140.3.1	39.923
Solyc12g019180.2.1	39.318
Solyc12g019220.1.1	39.203
Solyc12g019230.2.1	39.796
Solyc12g019440.3.1	38.198
Solyc12g019480.3.1	95.377
Solyc12g019890.2.1	49.872
Solyc12g076340.1.1	5.663
Solyc12g027690.1.1	14.706
Solyc12g062460.1.1	4.336
Solyc12g062900.1.1	23.478
Solyc12g062910.2.1	4.990
Solyc12g033100.1.1	7.340
Solyc12g035400.2.1	36.722
Solyc12g035525.1.1	33.326
Solyc12g035600.2.1	2.850
Solyc12g036200.2.1	16.844
Solyc12g036320.3.1	25.454
Solyc12g036330.1.1	70.351
Solyc12g036710.3.1	33.518
Solyc12g038170.1.1	8.094
Solyc12g038240.3.1	30.173
Solyc12g038527.1.1	16.188
Solyc12g038860.1.1	6.746
Solyc12g039070.2.1	34.433
Solyc12g039185.1.1	10.237
Solyc12g040230.1.1	26.888
Solyc12g040640.2.1	55.532
Solyc12g040860.2.1	47.696
Solyc12g042360.3.1	44.977
Solyc12g042380.2.1	48.242
Solyc12g042500.2.1	6.804
Solyc12g042505.1.1	7.674
Solyc12g042520.3.1	6.970
Solyc12g042580.2.1	15.999
Solyc12g042695.1.1	2.193
Solyc12g042760.1.1	50.372
Solyc12g042780.2.1	15.556
Solyc12g042930.2.1	39.174
Solyc12g150119.1.1	9.096
Solyc12g044230.2.1	48.233
Solyc12g044450.2.1	36.949
Solyc12g044710.1.1	29.509
Solyc12g044750.3.1	39.003
Solyc12g044880.2.1	90.850
Solyc12g044890.2.1	70.957
Solyc12g049040.1.1	38.787
Solyc12g049050.2.1	23.266
Solyc12g049070.1.1	42.180
Solyc12g049090.3.1	41.887
Solyc12g049110.1.1	3.536
Solyc12g049140.1.1	27.226
Solyc12g049150.1.1	48.734
Solyc12g049160.1.1	41.009
Solyc12g049170.2.1	38.498
Solyc12g049180.1.1	37.085
Solyc12g049190.3.1	91.285
Solyc12g049200.1.1	61.856
Solyc12g049250.2.1	5.241
Solyc12g049370.2.1	16.920
Solyc12g049390.2.1	54.565
Solyc12g049440.3.1	23.352
Solyc12g049550.2.1	37.962
Solyc12g055720.2.1	73.838
Solyc12g055810.1.1	56.774
Solyc12g055840.2.1	42.667
Solyc12g055980.1.1	14.580
Solyc12g056000.1.1	34.656
Solyc12g056010.2.1	34.912
Solyc12g056020.1.1	34.656
Solyc12g056300.3.1	71.152
Solyc12g056360.1.1	22.450
Solyc12g056380.1.1	22.623
Solyc12g056390.1.1	21.812
Solyc12g056585.1.1	4.050
Solyc12g056700.2.1	29.765
Solyc12g056730.1.1	114.963
Solyc12g056820.2.1	62.095
Solyc12g057020.2.1	28.070
Solyc12g057140.1.1	10.607
Solyc12g057160.1.1	10.126
Solyc12g087860.3.1	39.493
Solyc12g087920.2.1	63.486
Solyc12g087940.2.1	45.438
Solyc12g088020.1.1	52.696
Solyc12g088040.2.1	65.959
Solyc12g088120.1.1	5.519
Solyc12g088250.2.1	51.133
Solyc12g088260.2.1	15.907
Solyc12g088670.2.1	48.650
Solyc12g088760.1.1	78.557
Solyc12g088950.3.1	67.902
Solyc12g089020.2.1	57.039
Solyc12g089160.3.1	96.528
Solyc12g089250.1.1	58.746
Solyc12g089300.2.1	9.252
Solyc12g089360.1.1	32.522
Solyc12g089370.2.1	32.411
Solyc12g089380.2.1	25.140
Solyc12g094380.2.1	22.068
Solyc12g094460.2.1	58.719
Solyc12g094470.3.1	58.621
Solyc12g094620.3.1	55.285
Solyc12g095910.2.1	50.920
Solyc12g096620.1.1	38.837
Solyc12g096710.2.1	88.304
Solyc12g096730.3.1	39.571
Solyc12g096740.1.1	39.314
Solyc12g096750.2.1	39.373
Solyc12g096850.3.1	37.188
Solyc12g097090.3.1	23.409
Solyc12g098100.3.1	97.319
Solyc12g098110.1.1	15.651
Solyc12g098130.1.1	10.185
Solyc12g098225.1.1	13.473
Solyc12g098240.1.1	4.896
Solyc12g098250.1.1	4.656
Solyc12g098260.1.1	4.896
Solyc12g098270.1.1	5.407
Solyc12g098290.1.1	4.922
Solyc12g098300.1.1	4.942
Solyc12g098340.2.1	35.430
Solyc12g098410.2.1	19.046
Solyc12g098540.2.1	46.608
Solyc12g098560.2.1	48.674
Solyc12g098570.2.1	97.797
Solyc12g098603.1.1	17.443
Solyc12g098607.1.1	13.386
Solyc12g098670.3.1	55.061
Solyc12g098780.2.1	57.457
Solyc12g098800.2.1	2.294
Solyc12g098810.2.1	33.918
Solyc12g098900.2.1	25.821
Solyc12g099050.1.1	4.608
Solyc12g099160.2.1	51.285
Solyc12g099190.1.1	17.915
Solyc12g099200.2.1	16.632
Solyc12g099210.2.1	16.487
Solyc12g099230.2.1	35.128
Solyc12g099290.2.1	63.010
Solyc12g099410.2.1	58.217
Solyc12g099660.2.1	69.976
Solyc12g099870.3.1	75.046
Solyc12g099880.1.1	9.695
Solyc12g099950.3.1	97.242
Solyc12g100010.1.1	117.023
Solyc12g100020.1.1	86.466
Solyc12g100030.2.1	101.622
Solyc12g100080.1.1	36.879
Solyc12g100090.1.1	40.759
Solyc12g100100.1.1	47.215
Solyc12g100110.1.1	45.699
Solyc12g100120.2.1	93.580
Solyc12g100130.1.1	45.522
Solyc12g100340.1.1	24.580
